"PLNT","DIV","RASI","Eng","Hin","ID"
12,1,1,"You are exceptionally good with your hands. As a man, you can make things for the home and take a delight in mending the toys of your children. As a woman, your are expert needle worker, painter, cook etc. and prefer to make the children's clothes rather than buy them.","gLrf'kYi esa vki vlk/kkj.k :i ls vPNs gSaA iq:""k gksus ds ukrs vius ?kj ds fy, oLrq,a cukus rFkk cPPkksa ds f[kykSuksa dks Bhd djus esa vkidks g""kZ gksrk gSA ,d L=h gksus ds ukrs vki flykbZ&d<+kbZ ds dkeksa esa] fp=dkjh] [kkuk idkuk vkfn esa fuiq.k gSaA cPpksa ds fy, diM+s [kjhnus dh vis{kk muds fy, cukuk vkidks vf/kd ilan gSA",P12D1R1
12,1,10,"Regarding hobbies and pastimes, you will find that those which appeal to you most will be of a character which call for brains rather than muscle. At them you will succeed well enough. You may become a very good chess player. If card games interest you, you will be good in bridge. ","tgk¡ rd vknrksa rFkk [kkyh le; O;rhr djus dh ØhM+kvksa dk lEcU/k gS rks vkidks ,slh phtsa vkdf""kZr djrh gSa ftuesa 'kjhfjd iqf""V dh vis{kk efLr""d dk dk;Z vf/kd gksrk gSA ,slh oLrqvksa esa vki cgqr vPNh lQyrk izkIr dj ldrs gSsA vki ,d cgqr vPNs 'krjat ds f[kykM+h cu ldrs gSaA ;fn vkidks rk'k [ksyuk ialn gS rks vki fczt [ksy esa vPNk dk;Z djsaxsA",P12D1R10
12,1,11,"Travel is the pastime which appeals to you most, had you the leisure and the money to indulge in it wholeheartedly. As it is, you may have to content yourself with lesser diversion. Card-playing is welcomed and there is no doubt that you are able to derive a good deal of pleasure by making things - it may be anything from a wireless set to a batch of photographic prints.",";fn vkids ikl vkjke ds {k.k o yxkus ds fy, i;kZIr /ku gks rks vki vius [kkyh le; esa ;k=k djuk vR;f/kd ilan djsaxsA ;fn ,slk u gks rks vkidks nwljh ØhM+kvksa ls gh Lo;a dks lUrq""V djuk iM+ ldrk gSA rk'k [ksyuk vkidks ialn gSA blesa Hkh dksbZ lUnsg ughsa gSa fd oLrq,¡ cukus esa Hkh vkidks vkuUn dk vuqHko gksrk gS] pkgs og fcuk rkj dk ;U= gks ;k QksVks ds Nki gksA",P12D1R11
12,1,12,"Reading, painting, drama, and such pastimes as require artistic and literary feeling will occupy your mind. It would not be surprising to find that you suddenly developed and interest in Spiritualism or things relating to the supernatural. Anything to do with travel will also attract you, whether it is on land, sea or in the air. For such games as cricket and football, you will have very little time. However, you will be interested in indoor games like table-tennis, carom, badminton etc.","ikBu] fp=dkjh] ukVd vkfn dk;Z ftuesa dykRed rFkk lkfgfR;d Hkkouk,¡ gSa] [kkyh le; esas vkids efLr""d dks ?ksjs jgrs gSaA blesa vk'p;Z ugha gksxk ;fn vkidh :fp vkdfLed gh vk/;kReokn ;k vkykSfdd oLrqvksa esa fodflr gks tk,A dksbZ Hkh oLrq tks ;k=k ls lEcfU/kr gks ¼pkgs og /kjrh ij] leqnz esa ;k ok;q esa gks½ vkidks vkdf""kZr djrh gSA fØdsV rFkk QqVcky tSls [ksyksa ds fy, vkids ikl de le; gSA ?kj ds Hkhrj [ksys tkus okys [ksyksa tSls Vscy&Vsful] dSje] cSMfeUVu vkfn esa vkidh :fp gSA",P12D1R12
12,1,2,"You set rather a high value on your leisure and begrudge losing any part of it when a rush of work comes along. Your aim is to spend as much time as possible in the open air, which is, of course, highly wise of you. You are not a lover of strenuous games. But, such pastimes as walking, rowing, fishing and nature study are more in keeping with your ideals.","vki foJke dks cgqr vf/kd egRo nsrs gSa rFkk ;fn dk;Z dk ncko vf/kd gks rFkk vkidks foJke dk dqN Hkkx dk;Z djus esa yxkuk iMs+ rks vkidks vlUrks""k gksrk gS o vki Øksf/kr gksrs gSaA vkidk y{; ;gh jgrk gS fd vki vf/kd ls vf/kd le; [kqyh gok essa fcrk,¡ tks fd vkidh cqf)ekuh gSA vki vf/kd ifjJe okys [ksy ialn ugha djrsA ijUrq [kkyh le; O;rhr djus ds fy, ,sls dk;Z tSls lSj djuk] uko dh lSj] eNyh idM+uk rFkk dqnjr dh cuh l`f""V dk v/;;u djuk vkfn vkids vkn'kksZ ds vuqdwy gSaA",P12D1R2
12,1,3,"You will take up many hobbies. You will become very much wrapped-up in them. Then, suddenly you will lose patience and cast them aside. Another will be chosen and it will suffer the same fate in due course. You will proceed through life in this manner. On the whole, your hobbies will afford you considerable pleasure. You will learn much from them, seeing that you will sample so many.","vki vusd vknrsa viuk,axsA bu vknrksa dk izHkko vki ij iwjh rjg ls gksxkA rHkh vkdfLed :i ls vki viuk /kS;Z [kks nsaxs rFkk lHkh vknrksa dks R;kx nsaxsA vki ubZ vknrsa viuk,¡xsa rFkk dqN gh le; esa mUgsa Hkh mlh izdkj R;kx nsaxsA vki blh izdkj thou O;rhr djsaxsA ijUrq dqy feykdj vkidh vknrsa vkidks i;kZIr izlUurk iznku djsaxhA vki viuh vknrksa ls cgqr dqN lh[ksaxs rFkk muesa ls vusd rRo vki vius thou esa viuk,¡xsA",P12D1R3
12,1,4,"You have the bump of acquisition strongly developed. It follows that you like to collect things, it may be old china, postage stamps, old coins - anything. Moreover, you find it difficult to throw things away or to part with them. You always think that you may want these some day and thus, you are a born collector. Such other hobbies as you have are more of the indoor kind than the outdoor. You have the patience to make things, and if you have not the skill you could easily acquire it.","vkiesa phts ,d= djus dh rhoz bPNk fodflr gSA vki oLrq,¡ ,d= djuk ilan djrs gSa tsls phuh feêh ds crZu] Mkd&eqgj ¼iksLVst LVSEi½] iqjkus flDds vkfnA blls c<+dj] phtsa Qsaduk ;k muls vyx gksuk vkids fy, dfBu gksrk gSaA vki lnSo ;g lksprs gSa fd dHkh u dHkh vkidks budh vko';drk iM ldrh gS vr% vkiesa ,d= djus dh vknr iSnkb'kh gh gSA vkidh nwljh vknrs ,slh gSa ftUgsa vki ckgj dh vis{kk ?kj ds Hkhrj iwjk dj ldrs gSaA vkiesa oLrq,¡ cukus ds fy, /ks;Z gS rFkk ;fn vkiesa mls djus dh ;ksX;rk ughaa gS rks vki vklkuh ls mls izkIr dj ldrs gSaA",P12D1R4
12,1,5,"you have strenuous hobbies and pastimes. Games like cricket, football, tennis are very interesting for you. You will toil at business all day, and in the evening, play tennis, golf, badminton or such king of games. You have great interest in participating athletic sports. You might have won many prizes in sports. Your vitality is amazing as far as sports is concerned.","vkidh vknrsa rFkk ØhMk,a cgqr ifjJe djus okyh gSaA fØdsV] QqVcky] Vsful tSls  [ksy vkidks cgqr :fpdj gSaA O;kikj esa lkjk fnu dM+h  esgur djus ds ckn 'kke dks vki Vsful] xksYQ] cSMfeaVu ;k blh izdkj ds [ksy [ksysaxsA vkidks ,sls [ksy vf/kd ilUn gSa ftuesa nkSM+&Hkkx] dljr] O;k;ke vkfn gksaA gks ldrk gS fd [ksy dwn esa vkius dbZ iqjLdkj Hkh izkIr fd, gksaA tgk¡ rd [ksyksa dk lEcU/k gS] vkidh thou'kfDr vk'p;Z pfdr djus okyh gSA",P12D1R5
12,1,6,"You are rich in mental interests and the more cultured arts mean a good deal to you. You find more pleasure in planning a holiday than in actually going over the itinerary. You love books and reading, and enjoy rambling over a museum. You are having a peculiar interest in old, particularly very old things.","vki ekufld :fp;ksa ds /kuh O;fDr gSa rFkk lH; dykRedrk vkids fy, cgqr ewwY; j[krh gSA b/kj&m/kj ?kweus dh vis{kk vki vodk'k ds fnu dh ;kstuk cukus esa vf/kd gf""kZr gksrs gSA vki iqLrd rFkk ikBu izseh gSa rFkk laxzgkyk; esa Hkze.k djuk ilan djrs gSaA vki iqjkuh oLrqvksa ¼fo'ks""kdj cgqr iqjkuh½ esa fo'ks""k :fp j[krs gSA",P12D1R6
12,1,7,"Your leisure moments must be spent in a manner fitting to your temperament. Seeing that you value refinement and comforts, you do not care for rough or strenuous games. You like the company of others and you seek the bright-spots of life. Card-playing, probably, tempts you, but it has no attractions unless money stakes are involved, and here, it may be well to warn you against gambling. If allowed, it might take a strong hold on you.","vkids vkjke ds {k.k ,sls <+ax ls O;rhr gksus pkfg, tks fd vkids O;fDrRo o :fp;ksa ds vuq:i gksA ;g ns[krs gq, fd vki lq/kkj o vkjke dks egRo nsrs gSa] vki ,slh ØhM+kvksa dh vksj /;ku ugha nsrs ftuesa ifjJe djuk iM+rk gksA vki nwljksa dk lkFk ialn djrs gSa rFkk thou ds pednkj {k.kksa dk vkUun mBkrs gSaA rk'k [ksyuk vki dqN gn rd ialn djrsa gS ijUrq  tc rd mlesa /ku dk nko u yxk gks] ;g vkidks vkdf""kZr ugha djrk A ijUrq ;gk¡ ge vkidks tq, ds izfr lpsr djrs gSaA ;fn vkius ,d ckj tqvk vkjEHk dj fn;k rks ;g vkidks vklkuh ls NksMsxk ughaA",P12D1R7
12,1,8,"Vigorous pastimes attract you most and they do you the most good. A really fast game like football, tennis, etc, is a capital outlet for your energies and you will be all the better for it. You will like walking when middle-age is reached, but you will think more of a fourteen than a four mile walk. On holidays, you will not want to sit the beach and wait for the next meal, with only a newspaper to amuse you. The most distant hills will beckon to you, and you will want to know what they look like close to.","[kkyh le; O;rhr djus dh izcy ØhM+k,a vkidks vkdf""kZr djrh gSa rFkk buls vkidks cgqr ykHk Hkh izkIr gksrk gSA rhoz ØhM+k,a tSls QqVcky] Vsful vkfn vkidh ÅtkZ dh fudklh ds fy, mÙke gS rFkk vki bu fØM+kvksa ds fy, loZFkk Js""B gSaA vk;w dh e/; voLFkk esa vki iSny lSj djuk ilan djsaxs ijUrq vkidh lksp ;gh jgsxh fd pkj ds LFkku ij pkSng ehy pysaA vodk'k ds fnuksa esa vki leqnz ds fdukjs cSBdj rFkk lekpkj i= gkFk esa ysdj Hkkstu ds fy, izrh{kk djuk ialn ugha djrsA cgqr nwj dh igkfM+;k¡ vkidks iqdkjrh gSa rFkk vki ;g tkuuk pkgrs gSa fd ikl ls o dSlh yxrh gSaA",P12D1R8
12,1,9,"Outdoor pursuits engage much of your leisure time and you find them exceedingly beneficial. The fear is that you may overdo them and harm your constitution. You love movement in the open. Thus, if horse-riding does not attract you, it is certain that you enjoy the pleasures of fast motoring or perhaps, a long journey in a train, as well as a pleasure trip. You take a keen interest in educating yourself, using books or educational visits for the purpose. More than likely you gain far more satisfaction than knowledge from the effort.","vkidk vf/kdrj [kkyh le; ?kj ls ckgj ds dk;ksZa esa O;rhr gksrk gS rFkk vkidks ;g vR;kf/kd ykHknk;d Hkh yxrk gSA ijUrq ,d Hk; gS fd vki vko';drk ls  vf/kd dk;Z djds vius 'kjhj dks uqdlku igq¡pk ldrs gSaA vki [kqys esa ?kqeuk iaaln djrs gSaA vr% ;fn ?kqM+lokjh vkidks vkdf""kZr ugha djrh rks ;g fuf'pr gS fd vki rhoz xkM+h pykuk] jsyxkM+h esa yEch ;k=k ;k fdlh i;ZVu LFky dk Hkze.k djus ls vki vkufUnr vuqHko djrs gSaA vki iqLrdksa ;k f'k{kk lEcU/kh ;k=kvksa }kjk Lo;a dks f'kf{kr djus esa :fp j[krs gSaA bu iz;Ruksa ls vki Kku dh vis{kk lUrqf""V vf/kd izkIr djrs gSaA",P12D1R9
1,1,1,"You take all of your responsibilities quite seriously. As a result you have much ambition and will be sought after by your superiors to take on additional responsibilities. Therefore, you should direct your goals toward career positions in an executive capacity.","vki viuh ftEesnkfj;ksa dks xEHkhjrk ls ysrs gSaA ifj.kkeLo:i vki cgqr egRokdka{kh gS rFkk vkids mPp inkf/kdkjh vkidks vfrfjDr ftEesnkjh;k¡ Hkh iznku djrs gSaA vr% vkidks vius y{; ,slh fn'kk esa fu/kkZfjr djus pkfg, tgk¡ ij iz'kklfud {ks= esa vki viuk in izkIr dj ldsaA",P1D1R1
1,1,10,"Since you like to unite both sides of an argument, law and justice would be good fields for you. You could also do well as labour mediator and any other positions in industry where you are called upon to create and maintain peace and harmony. Try to stay clear of profession which require instant and constant decision, because you find difficulty in making them quickly.","D;ksafd vki rdZ&forZd ds nksuksa igyqvksa dk ;qXe pkgrs gSa vr% vkids fy, dkuwu o U;k; dk dk;Z{ks= vPNk jgsxkA vki etnwjksa ds e/; e/;LFk dk dk;Z Hkh vPNh izdkj dj ldrs gSa vr% O;olk; esa vkidks dksbZ ,slk in xzg.k djuk pkfg, ftlls fd vki 'kkfUr rFkk rkyesy cukus ds fy, e/;LFk ds :i esa cqyk, tk,aA Li""V n`f""Vdks.k j[krs gq, viuk dksbZ ,slk O;olk; pqus ftlesa vki {kf.kd o fLFkj fu.kZ; yssa] D;ksafd 'kh/kzrk ls fu.kZ; ysus esa vkidks dfBukbZ gksrh gSA",P1D1R10
1,1,11,"Your career should be such that you have constant public contact. You have a persuasive and magnetic personality. Thus, to use it to great potential, you should involve yourself in areas where persuasion reaps the greatest rewards.","vkidk dk;Z{ks= ,slk gksuk pkfg, ftlesa fd vki yksxksa ls fujUrj lEidZ cuk, j[k ldsaA vki ,d fprkd""kZd] izsjd o pqEcdh; O;fDrRo ds Lokeh gSaA vr% bu xq.kksa dk Js""Brk ls iz;ksx djus ds fy, vkidks dksbZ ,slk {ks= pquuk pkfg, tgka vkidk O;fDrRo vf/kd ls vf/kd Qynk;h gksA",P1D1R11
1,1,12,"Because you find it hard to stay with same job for too long a time, you should find a career in such areas as salesmanship, where you are constantly meeting new people. Your job should provide many transfers and relocations so you will constantly be in new environments with different people and different job responsibilities.","D;ksafd vki fdlh Hkh is'ks esa vf/kd le; rd fLFkj ugha jg ldrs gS vr% vkidks dksbZ ,slk dk;Z{ks= ¼tSls fd fdlh m|ksx dh oLrq,¡ cktkj esa cspus okyk½ pquuk pkfg, tgk¡ vki fujUrj yksxksa ls lEidZ cuk ldsaA vkidk is'kk ,slk gksuk pkfg, tks fd vki dks u, LFkkuksa ij LFkkUrfjr gksrs jgus ds volj iznku djas ftlls fd vki fujUrj u, ekgkSy esa jgsxsa tgk¡ vki vyx yksxksa ls feysaxs rFkk vyx&vyx ftEesnkfj;ksa dk fuokZg djsaxsA",P1D1R12
1,1,2,"You should find jobs which involve you with groups of people and where there is no pressure to meet commitments and responsibilities on a commercial level. You would find success in a career which would help people, such as group leadership.","vkidks ,sls {ks= esa ukSdjh Kkr djuh pkfg, tgka yksxksa dk oxZ cM+k gks rFkk O;olkf;d Lrj ij vf/kd ncko o ftEesnkjh;k¡ u gksaA vki ,sls dk;{ks= esa vf/kd lQy gksaxs tgk¡ vki nwljksa dh lgk;rk dj ldsa] tSls fd oxZ dks usr`Ro iznku djukA",P1D1R2
1,1,3,"You like to avoid office politics and refuse to fight against others for coveted positions in industry. Find situations where you can work alone, do your own thing, and work at your own pace, such as writing, painting, computer programming and so on.","vki vius dk;kZy; esa jktfufr ialn ughsa djrs rFkk O;olk; esa nwljksa ds in gfFk;kus ds fy, >xM+k djus dk loZFkk R;kx djrs gSaA ,sls volj o fLFkfr;k¡ izkIr djus dh dksf'k'k djsa tgk¡ vki vdsys dk;Z dj ldsa] viuk Lo;a dk dk;Z viuh xfr vuqlkj dj ldsa tSls fd ys[ku] fp=dkjh] dEI;wVj ;kstuk vkfnA",P1D1R3
1,1,4,"You love competition and new ventures and thus are prone to change your career often. You should choose a career which allows you diversity in work and an opportunity for advancement, therefore discouraging you from floating from job to job.","vki izfr;ksfxrk izseh gSa rFkk lnSo dqN u;k mRiUu djuk ilan djrs gSaA vr% vki viuk dk;Z{ks= le; le; ij cnyrs jgrs gSaA vkidks dksbZ ,slk dk;Z{ks= pquuk pkfg, ftlesa vki dk;Z esa fofHkUurk izkIr djsa rFkk vkxs c<+us dk volj izkIr djsaA bl izdkj vki ,d is'ks ls nwljs is'ks esa HkVdsaxs ugha o nq%[kh o fujk'k ugha gksaxsA",P1D1R4
1,1,5,"Because you are patient and want a career with permanence, it is hardly necessary for you to rush. Pursue a career in an area such as banking, Government service, Insurance Companies where you advance slowly but surely. Not only will you be much better off in the long run, but you have the patience and the attitude to see it through.","vki ,d /kS;Zoku O;fDr gSa rFkk vius dk;Z{ks= esa fLFkjrk pkgrs gSa vr% vki ds fy, tYnckth djuk fcYdqy Hkh vko';d ugha gSA vki dksbZ ,slk dk;Z{ks= viuk,a ¼tSls fd cSad esa ukSdjh] ljdkjh ukSdjh] thou chek dEiuh vkfn½ tgk¡ vki /khjs&/khjs ijUrq fuf'pr :i ls izxfr dj ldsaA blls vki yEch nkSM+ esa u dsoy Js""B cusaxs vfirq viuh lQyrk dks ns[kus dh ldkjkRed lksp rFkk /kS;Z Hkh izkIr djsaxsA",P1D1R5
1,1,6,"Your career must offer you both intellectual stimulation and diversity. You like to do many things at one time, and probably will have two professions.","vkidk dk;Z{ks= vkidks ckSf)d izsj.kk rFkk fofHkUurk nksuksa gh vko';d :i ls iznku djsxkA vki ,d gh le; ij cgqr ls dk;Z djuk pkgrs gSa rFkk lEHkkouk gS fd vki nks O;olk; djsaxsA",P1D1R6
1,1,7,"Because you are sensitive to any happenings in your career life, you prefer to have jobs which require little hassle and pressure. Aiming your vocational directions with this in mind will result in a career of performance.","D;ksafd vki vkius dk;Z{ks= esa gksus okyh fdlh Hkh ?kVuk ls cgqr 'kh/kz izHkkfor gks tkrs gSa vr% vki ,slk O;olk; djuk pkgrs gSa ftuesa de ijs'kkfu;k¡ rFkk ncko gksA bu rRoksa dks /;ku esa j[krs gq, ;fn vki vius dk;Z{ks= dh fn'kk fu/kkZfjr djrs gS rks vki fu'p; gh vPNk dk;Z o izn'kZu djsaxsA",P1D1R7
1,1,8,"You are authoritative and stubborn in your business life. You must be the leader than the follower. Try to look at problems objectively, and do not make decisions just because your are obstinate, as this could be your biggest bottleneck to achieving job happiness and success.",O;olkf;d thou esa vki vf/kdkj djus okys gBh O;fDr gSaA vuqlj.k djus ds LFkku ij vkidks usr`Ro djus okyk gksuk vko';d gSaA vius gB ds dkj.k dksbZ Hkh fu.kZ; fcuk lkspsa&le>s u ysa] vfirq dfBukbZ;kssa dks LFkwyrk ls ns[kus dk iz;kl djsaA vU;Fkk vkidk ;g voxq.k vkidh O;olkf;d [kq'kh o lQyrk esa cgqr cM+k ck/kd fl) gks ldrk gSA,P1D1R8
1,1,9,"Look for a career where you can use your abilities to carry out projects in minute detail. These projects must be perfect, and you will not be under pressure to limit the time it takes to complete them. For instance, if you go into interior design, you should have clients who have enough money to spend so that you can do an elegant job.","vki dksbZ ,slk dk;Z{ks= ns[ksa tgka viuh ;ksX;rkvkSa dk iz;ksx fdlh ;kstuk ds lq{e igyqvksa dks n'kkZus esa dj ldsaA ;s vuqlU/kku o ;kstuk,¡ loksZÙke gksuh pkfg,¡ rFkk vki ij bUgsa iw.kZ djus ds fy, le; lhek dk ncko ugha gksuk pkfg,A",P1D1R9
2,1,1,"You are an energetic person, never satisfied unless you are up and doing. You are strong in mind and strong in body and full of enthusiasm for the work in hand. You have unlimited courage, and all these qualities combined tend to make your life varied. You are not going to stay at one thing just because you have set out in that direction. You will change your job, your friends, your hobbies or anything whatsoever provided you think the change is for better. Unfortunately for you, you will not always count up the pros and cons of the change as carefully as you should and this impulsiveness may often lead you into difficulties. Still you have a courage, you are a born fighter and are endowed with plenty of enterprise. All of which will enable you to succeed in the end.","vki ,d izcy O;fDr gSaA tc rd vki Lo;a vkxs c<+dj dk;Z ugha djrs] vki lUrq""V ugha gksrsA vki ekufld rFkk 'kkjhfjd] nksuksa izdkj ls n`<+ rFkk etcwr O;fDr gSaA vki tks Hkh dk;Z vius gkFk esa ysrs gSa] mlds izfr mRlkg ls Hkjiwj jgrs gSaA vkiesa vlhfer mRlkg rFkk ohjrk gSaA ;s lHkh xq.k vkids thou dks fHkUurk iznku djrs gSSaA ;fn vkius dksbZ fn'kk fu/kkZfjr djds dk;Z vkjEHk fd;k gS rc Hkh vki mlesa cnyko yk ldrs gSa D;ksafd vki ,d ckr ij fLFkj ugha jgsaxs A vki viuk dk;Z ¼O;olk;] is'kk½] fe=] vknrsa vU;Fkk dksbZ Hkh vU; oLrq tks vkidks izkIr gSa] cnyrs jgsaxs D;ksafd vkids fopkj esa ;s cnyko Js""Bdj gSaA nqHkkZX; ls vki bl ckr dk Bhd fu/kkZj.k djus esa vleFkZ jgsaxs fd okLro esa ;s cnyko vkids i{k esa gSa vFkok foi{k esaA vkidh ;gh O;xzrk vkidks dfBukbZ;ksa esa Mky ldrh gSaA ijUrq fQj Hkh vki ,d ohj euq""; gSa vki ,d tUetkr ;ks)k gSa rFkk vusd m|ksxksa rFkk lkgfld dk;kZsa ls lEiUu gSaA vkids ;s lHkh xq.k rFkk fLFkfr;k¡ vkidks vUr esa lQyrk iznku djsaxhA",P2D1R1
2,1,10,"You are a very practical person and equally capable. You are very tidy by nature, you love order and are methodical. It is even possible that these qualities are too highly developed in you, and it may be that while attending to minute details, you lose some of the larger opportunities of life.","vki vR;kf/kd O;ogkfjd O;fDr gSaA vki 'kq) o O;ofLFkr izo`fÙk ds Lokeh gSa] vki fu;eksa ls izse djrs gSa rFkk O;ofLFkr O;fDr gSa] ,slh Hkh lEHkkouk gS fd ;s xq.k vkiesa vR;kf/kd fodflr gSa rFkk NksVs&NksVs fooj.kksa ij /;ku nsus ds dkj.k vki thou ds cMs+ voljksa dks [kks nsrsa gSaA",P2D1R10
2,1,11,"You are a person of considerable action. You are never still. You are always making plans and the thing you can least tolerate is inactivity. You have much self will, and the spirit of independence is firmly planted in you. You resent the interference of others, perhaps more than you should, and freedom is a quality you prize very highly- freedom not only of action but also of thought.","vki ,d fØ;k'khy O;fDr gSaA vki dHkh fØ;kghu ugha cSBrsA vki lnSo dqN djus ds fy, ;kstuk cukrs jgrs gSaA fØ;kfoghu jguk vki fcYdqy Hkh lgu ugha djrsA vkiesa cgqr bPNk 'kfDr gSa rFkk LorU=rk dh Hkkouk vkiesa dwV&dwV dj Hkjh gSA vki lnSo nwljksa dh n[ky dk fojks/k djrs gSa] 'kk;n vko';drk ls Hkh vf/kdA LorU=rk] u dsoy fØ;kvksa dh vfirq fopkjksa dh Hkh] vkids fy, ,d ,slk xq.k gS tks vR;kf/kd ewY;oku gSA",P2D1R11
2,1,12,"Your outstanding character is that of sympathy, mingled with hospitality. You have a great urge to make others a little happier for having met you. No higher quality could be possessed than this but it is one that may be carried to excess. You spend lot of time and money for the sake of others.","vkids O;fDrRo dh fof'k""Vrk vkidh n;kyqrk rFkk vkidk vfrF;&lRdkj gSA vkiesa ;g rhoz bPNk jgrh gS fd tks Hkh O;fDr vkils feyrk gS] mls vki dqN [kq'kh iznku djsaA blls Å¡pk xq.k izkIr ugha fd;k tk ldrk] ijUrq vkiesa ;g vko';drk ls vf/kd gks ldrk gSA vki vius le; o /ku dk cgqr cM+k Hkkx nwljksa ds fy, O;; djrs gSaA",P2D1R12
2,1,2,"You are a person who places comfort and happiness before everything else. This, however must not be taken to mean that you neglect your duties for the sake of these requirements. Quite the reverse, you will work and strive, knowing that it is only by industry that you will be able to attain them satisfactorily.","vki ,d ,sls O;fDr gSa tks fd fdlh Hkh vU; oLrq vFkok fo""k; ls iwoZ vius vkjke rFkk [kq'kh dks izkFkfedrk nsrs gSaA ijUrq bldk vFkZ ;g ugha gS fd bu vko';drkvksa dh iwfrZ ds fy, vki viuh ftEesnkfj;ksa ls ihNs Hkkxrs gSa] ijUrq blds foijhr vki iwjh yxu rFkk esgur ls ,d dk;Z dks iwjk djsaxs D;ksafd vki ;g tkurs gSa fd dsoy esgur rFkk dfBu ifjJe ls gh fdlh dk;Z dks lUrks""ktud <+ax ls lQyrkiwoZd lekIr fd;k tk ldrk gSaA",P2D1R2
2,1,3,You are clever than other people. This is due to the fact that you can learn things quickly and without much effort.,"vki vusd vU; O;fDr;ksa  ls vf/kd prqj gSaA bldk dkj.k ;g gSa fd vki vR;Ur 'kh/kzrk ls lh[krs gSa ftlds fy, vkidks cgqr de iz;kl djuk iM+rk gSaA",P2D1R3
2,1,4,"You are a sensitive and emotional person. The hard knocks of this world have more effects on you than they have on most other people, and you lose some of the enjoyment of life in consequence. What other people say and think of you is taken by you to heart. Thus, there are a certain number of things which cause you unhappiness which, after all, are not worth troubling about.","vki ,d Hkkoqd O;fDr gSaA cgqr ls vU; O;fDr;ksa dh vis{kk vki ij lalkj dh dfBukbZ;ksa rFkk ijs'kkfu;ksa dk izHkko vf/kd gksrk gSaA  ifj.kke&Lo:i vki thou dh dqN izlUurkvksa dk àkl dj nsrs gSaA vU; O;fDr vkids fo""k; esa tks Hkh dgrs vFkok lksprs gSa mldk izHkko vkidh Hkkoukvksa ij vR;kf/kd gksrk gSA ;gh dkj.k gS fd dqN phtsa vkidks O;FkZ esa nq[kh djrh gSa ijUrq okLofodrk esa oks phtsa nq%[k nsus okyh ugha gksrhA",P2D1R4
2,1,5,"You started out your life under favourable circumstances, It might be said that you were born with a silver spoon in your mouth. Your memory is unusually good and you never forget a kindness. You are generous even to excess. You have a methodical nature, which is reflected in your work, your dress and your particular place of abode.","vkius viuk thou vkids vuq:i ifjfLFkfr;ksa esa vkjEHk fd;k gSA ,slk dgk tk ldrk gS fd vki vR;Ur HkkX;oku O;fDr gSa ftldk tUe 'kqHk eqgwrZ esa gqvkA vkidh Lej.k 'kfDr vO;ogkfjd :i ls cgqr vPNh gS rFkk vki n;kyqrk dks Hkh dHkh ugha HkwyrsA vki vko';drk ls vf/kd lH; O;fDr gSaA vki ,d vR;Ur O;ofLFkr izd`fr ds O;fDr gSaA vkidh ;g fof'k""Vrk vkids dk;Z] igukos rFkk jgu&lgu okys LFkku ij Li""V :i ls >ydrh gSA",P2D1R5
2,1,6,"You have several desirable qualities. First and foremost, you revel in work and there is hardly a limit to the amount of work you can do. Next, you have your eyes wide open and your brain is alert. Taken together, these qualities single you out as being a very powerful influence in your own sphere of activities.","vkiesa vusd bPNqd xq.k gSaA vkiesa lcls izkFkfed rFkk egRoiw.kZ xq.k ;gh gS fd vki dk;Z dks djus esa vR;kf/kd vkuUn ysrs gS] rFkk vkids dk;Z djus dk ifjek.k rFkk {kerk vifjfer gSA rRi'pkr] vki viuh v¡k[ksa [kqyh rFkk efLr""d dks lpsr j[krs gSa ;s lHkh xq.k feydj vkidks vius dk;Z{ks= rFkk fØ;kdykiksa esa 'kfDr'kkyh izHkko okyk O;fDrRo iznku djds vkidks fof'k""V cukrs gSaA",P2D1R6
2,1,7,"You are a lover of all that is beautiful, whether it is a work of art, a pleasant landscape or a person of good appearance. Not only do you value beauty as measured by the eye, but you are attracted also by beauty in other forms. Good music appeals to you, a good character possessed by an individual appeals to you. You are a connoisseur of everything that is above ordinary.","vki ,d lkSUn;Z izseh gSa pkgs og dyk dk dksbZ dk;Z gks] izd`fr dk eueksgd n`'; vFkok lqUnj O;fDrA vki lqUnjrk dks u dsoy vk¡[kksa }kjk ns[kdj gh egRo nsrs gSa vfirq lqUnjrk ds nwljs :i Hkh vkidks vkdf""kZr djrs gSaA vPNk laxhr vkidks yqHkkrk gS] fdlh O;fDr dk vPNk O;fDrRo Hkh vki dks viuh vksj vkdf""kZr djrk gSA ,slh izR;sd oLrq ds fy, vki iw.kZ lw>&cw> j[krs gSa tks lkekU; ls vf/kd Å¡ph o Js""B gSA",P2D1R7
2,1,8,You are something of an enigma. The only person who really know you is yourself. You have the power of acting a part in life that is totally different from your true self.,"vkidk O;fDrRo ,d igsyh ds leku gSA dsoy vki Lo;a gh ,sls O;fDr gSa tks okLro esa vkidks tkurk gSaA vkiesa bruh {kerk rFkk 'kfDr gS fd vki vius thou esa bl izdkj O;ogkj dj ldrs gSa tks fd vkids okLrfod O;fDrRo ls cgqr fHkUu gSaA",P2D1R8
2,1,9,"You have a certain amount of philosophy in your character but it lies dormant a good deal of the time. You are large-hearted and sincere, though a trifle blunt. You are somewhat proud and people who ponder to your vanity become your best friends.","vkids O;fDrRo esa ,d fuf'pr ek=k esa rRoKku gS ijUrq vf/kdrj le; ;g f'kfFky jgrk gSA vki ,d n;kyq rFkk ftEesnkj O;fDr gSa ijUrq dqN ljy HkhA vki FkksM+s ?ke.Mh Hkh gSa rFkk tks yksx vkids >wBs ?ke.M dks egRo nsrs gS] oks vkids cgqr vPNs fe= cu tkrs gSaA",P2D1R9
2,2,1,It is unlikely that you will amass great wealth but money is only useful for the happiness it can bring and of happiness you will have your full shape and more.,";g vlEHkkfor gS fd vki vR;kf/kd ek=k esa /ku ,d= djsa ijUrq vkids ikl i;kZIr ek=k esa /ku gksxk tks fd vkidh izR;sd [kq'kh rFkk bPNk dks okLrfodrk iznku djsxkA",P2D2R1
2,2,10,"You are sensitive and generous. Were you to hear of a case of want or somebody in dire distress, it is unthinkable that you would pass by and not hold out a helping hand.","vki Hkkoqd o lH; O;fDr gSaA ;g lkspuk Hkh dfBu gS fd vkius fdlh dks cgqr ijs'kkuh o rukoiw.kZ fLFkfr esa ns[kk ;k vkidks ;g Kkr gqvk fd fdlh dks enn dh vko';drk gS vkSj vki fcuk mldh enn fd, vkxs c<+ x,A ;g vlEHko gSA",P2D2R10
2,2,11,"You think out things that are original in character. These may take widely diverse forms. You might invent some new method. Whatever it is, the world will be taken a step forward on your account.","vki ,slh oLrqvksa ds fo""k; esa fopkj djrs gSa tks izo`fr esa ewy o LoHkkfod gSaA buds vR;kf/kd o fHkUu&fHkUu :i gks ldrs gSaA vki dqN cgqr prqj o izoh.k vfo""dkj Hkh dj ldrs gSa vFkok dksbZ u;k rjhdk Kkr dj ldrs gSA tks Hkh gks] vkids fy, lalkj ,d dne vkxs gh jgsxkA",P2D2R11
2,2,12,"Your tastes are of a cultured order and, at heart, you have a love for literary and artistic work of a high grade, though the commercial existence, which you must probably follow, may force them out of sight.","vkidh :fp;k¡ laLdkj ;qDr gSa rFkk ân; ls vki mPp dksfV ds lkfgR; rFkk dyk ds izseh gSa] ;|fi vkidk O;olkf;d vfLrRo ftls vki /kkj.k djus ds fy, lEHkor% ck/; gks] vkidh :fp;ksa dks okLofodrk iznku u djsaA",P2D2R12
2,2,2,"You like company and are not happy when alone. Consequently, you will seek out friendships and value them.",vkidks vius lkfFk;ksa ds chp jguk ilan gS vr% vki vdsys jgus esa [kq'kh izkIr ugha djrsA ifj.kkeLo:i vki vf/kd ls vf/kd fe=rk izkIr djsaxs rFkk ;FkklEHko mUgsa fuHkk;saxsA,P2D2R2
2,2,3,"At times, you show that you are endowed with brilliant attainments, you are far-seeing, you are charitable and kind and hospitable. However, you are advised to think in terms of strength and act in terms of strength so that you can really achieve whatever you want to show.",le;&le; ij vki n'kkZrsa gSa fd vki foy{k.k xq.kksa ls lEiw.kZ gSa] nwjn'khZ] n;koku] n;kyq rFkk vfrfFk lRdkj djus okys O;fDr gSaA fQj Hkh vkidks ;g lq>ko fn;k tkrk gS fd vki 'kfDr rFkk cyiwoZd lkspsa rFkk dk;Z djsa ftlls fd vki tks Hkh n'kkZuk pkgrs gS vFkok djuk pkgrs gSa] mls okLrfodrk iznku djds izkIr dj ldsaA,P2D2R3
2,2,4,"Your manner is quiet, as a rule, and this quality gives you the appearance of being strong and determined in the eyes of your fellow-men and women. It enables you to get your own way when you want it.","vkidk O;ogkj rFkk pky&pyu cgqr 'kkUr gS tks fd vkidk fu;e gSA vkidk ;gh xq.k vkids lg;ksxh iq:""kksa rFkk efgykvksa esa vkidks etcwr rFkk n`<+ fu'p;h O;fDr ds :i esa izLrqr djrk gSA vkidk ;gh xq.k vkidks bl ;ksX; cukrk gS fd vki tc pkgsa vius Lo;a ds vuq:i dqN Hkh dj ldrs gSaA",P2D2R4
2,2,5,"You are personally attractive, graceful and refined. You are large-hearted and large-minded. You are considerate when things go awry. You are forceful in character.","O;fDrxr :i ls vki vkd""kZd] lq'kksfHkr] lkQ&lqFkjs rFkk lq/kjs gq, O;fDrRo ds Lokeh gSaA vki ,d n;kyq rFkk egkRek O;fDr gSaA vki foifjr fLFkfr;ksa esas cgqr fopkjoku O;fDr ds vuq:i dk;Z djrs gSaA vkidk O;fDrRo cgqr 'kfDr;qDr gSaA",P2D2R5
2,2,6,"You are wonderfully practical in all you do, and you have a very keen brain for remembering details. In fact, details mean so much to you that you are apt to irritate some of your co-workers with them. You never forget a face, though you are less accurate in remembering names.","vki vius dk;Z esa vk'p;Z;qDr O;ogkfjd gSaA fdlh Hkh fooj.k dks Lej.k djus esas vkidk efLr""d vR;Ur iz[kj gSaA okLro esa fooj.k vkids fy, cgqr gh egRo j[krk gS ftlds fy, vki vius lg;ksfx;ksa dks Hkh ukjkt dj ldrs gSaA vki fdlh Hkh O;fDr ¼ftlls fd vki fey pqds gSa½ ds psgjs dks dHkh ugha HkwyrsA gkykafd yksxksa ds uke ;kn j[kus esa vkidks dfBukbZ dk vuqHko gksrk gSA",P2D2R6
2,2,7,You have a gift for making other people happy. You know how to comfort those who are troubled and you know how to make them pleased with themselves. This is a rare gift and there are not enough people like you in the world.,"yksxksa dks [kq'kh nsus dk xq.k vkidks migkj&Lo:i izkIr gSA vki ;g Hkyh Hkk¡fr tkurs gSa fd tks yksx eqlhcr esa ijs'kku gSa mUgsa fdl izdkj lq[k rFkk vk'oklu nsuk gS rFkk fdl izdkj mUgsa Lo;a ls lUrq""V rFkk lq[kh djuk gSA vkidk ;g xq.k vkids fy, ,d vrqY; o fof'k""V migkj gS rFkk lalkj esa vkids rqY; O;fDr cgqr de gksrs gSA",P2D2R7
2,2,8,"You possess considerable magnetic power and you can use it for good or for ill. How you do use it depends entirely on your own desires. Fortunately, you are usually able to control your actions for good and the result is that your magnetic power sheds a beneficial influence on others.",vki pqEcdh; 'kfDr ds Lokeh gSa ftls vki vPNs o cqjs nksuksa izdkj ls iz;ksx dj ldrs gSaA vki bldk fdl izdkj mi;ksx djrs gSa] ;g loZFkk vkidh bPNk ij fuHkZj djrk gSaA lkSHkkX; ls] vki bl ;ksX; gSa fd vki vius fØ;kdykiksa dks vPNh fn'kk esa gh yxkrs gSa ftlls fd vkidh pqEcdh; 'kfDr nwljksa ij Hkyk izHkko Mkyrh gSaA,P2D2R8
2,2,9,"You have high ideals which cannot be realised. When they fail, you allow yourself to be considerably dejected. There is a streak of restlessness in you, which causes you to cast aside an ideal before it has had sufficient time to mature. Consequently, you do not attain the success in life, nor the happiness and comfort, that your qualities merit.","vkids vkn'kZ cgqr Å¡ps gSa ftUgsa okLrfod ugha fd;k tk ldrkA tc vkids vkn'kZ foQy gks tkrs gSa] vki vR;kf/kd f[kUu o mnkl gks tkrs gSaA ,slk gksus ls vkiesa cspSuh dh ,d ygj nkSM+ iM+rh gS rFkk vki vius vkn'kZ dks ifjiDo gksus ls iwoZ gh R;kx nsrs gSaA ifj.kkeLo:i vki thou esa lQyrk izkIr ugha djrs vkSj tks [kq'kh o vkjke vkids vPNs xq.kksa ds dkj.k vki dks izkIr gksus pkfg,] vki [kks nsrs gSaA",P2D2R9
2,3,1,"There are many reasons for thinking that you will move from place to place a good deal and probably you will see much of the world. If a man, you are likely to take up posts in various parts of the country, and, if a woman, it  would not be surprising if you are called upon to travel because of the requirements of your husband's business or profession.","vusd dkj.kksa ls ;g lkspus dh lEHkkouk,¡ izcy gSa fd vki ,d LFkku ls nwljs LFkku ij ?kwers gq, vPNk equkQk izkIr djsaxs rFkk yxHkx lEiw.kZ fo'o dh ;k=k djsaxsA ;fn vki ,d iq:""k gSa rks lEHkor% vki ns'k ds fofHkUu Hkkxksa esa in izkIr djas rFkk ;fn vki ,d ukjh gSa rks blesa vk'p;Z ugha gksxk ;fn vkidks vius ifr ds O;olk; ;k is'ks ds dkj.k ,d LFkku ls nwljs LFkku ij ;k=k djuh iMsa+A",P2D3R1
2,3,10,"You are a hesitant person. Though you have the qualities for making your way in the world and it is within your powers to climb high up the ladder of success, the necessary qualities to carry you through and while you are wondering some more pushing but less well-equipped person steps into your place. Therefore do not think much of your mythical limitations. Take it for granted that you will succeed and you will.","vki fgpfdpkus okys O;fDr gSaA ;|fi lalkj esa vius rjhds ls pyus ds xq.k vkiesa fo|eku gSa rFkk vki viuh 'kfDr ls lQyrk ds lksiku ij vkxs c<+ ldrs gSa] tks vkidks vkxs c<+kus ds fy, vfr vko';d xq.k gSa ijUrq tc vki HkVd jgs gksrs gSa] rks vU; O;fDr tks fd vkxs c<+us dh Hkjiwj xfr j[krk gSa ijUrq vkils xq.kksas es de gS] vkidk LFkku ys ysrk gS rFkk vki foQy gks tkrs gSaA vr% viuh dkYifud lhekvksa ds fo""k; esa vf/kd u lkspsaA bl ckr dks Lohdkj djsa fd vki lQy gksaxs rFkk fu'p; gh lQyrk izkIr djsaxsA",P2D3R10
2,3,11,"There is no doubt that you set great score on honesty, using the term in its widest sense. You require your friends to be honest in purpose, honest in speech, as well as in money affairs.","blesa dksbZ lUnsg ughsa fd bZekunkjh vkids fy, vR;kf/kd egRoiw.kZ gS rFkk vki bl 'kCn dk iz;ksx blds foLrh.kZ Hkko ls djrs gSaA vki pkgrs gSa fd vkids fe= mns'; essa] cksy&pky esa rFkk /ku lEcU/kh ekeyksa vkfn lHkh esa bZekunkj gksaA",P2D3R11
2,3,12,"Regarding money, you have peculiar views. At times you deny yourself legitimate necessaries and at others, you spend somewhat recklessly. You will always give in response to the call of charity. On some occasions, you put yourself to considerable trouble in order to save a few rupees on the price of an article you desire to purchase.","/ku ds lEcU/k esa vkids fopkj cgqr fof'""V gSaA dHkh&dHkh vki oS/kkfud vko';drkvksa ¼t:jh vko';drkvksa½ dk Hkh fu""ks/k djrs gSa rks dHkh&dHkh fcuk lw>cw> ds [kpZ djrs gSaA tc Hkh vkidks nku nsus ds fy, fuosnu fd;k tk,xk] vki lnSo ldkjkRed izR;qÙkj nsaxsA dqN volj ,sls Hkh gksrs gSa tc vki viuh bPNk dh dksbZ oLrq [kjhnus ds fy, dqN :i;s cpkus dh ps""Vk djrs gSa rFkk Lo;a dks eqlhcr esa Mky ysrs gSaA",P2D3R12
2,3,2,You are capable and admire efficiency. It takes a great deal to make you rise up and confront your adversary. You are shrewd in financial matters.,"vki Loa; ,d ;ksX; O;fDr gSa rFkk dk;Z{kerk rFkk ;ksX;rk ds iz'kald gSaA vkidks vkxs c<+dj Å¡pk mBus rFkk 'k=qvksa dks [kf.Mr djus ds fy, vR;Ur iz;Ru dh vko';drk iM+rh gSA vki vkfFkZd ekeyksa esa vR;kf/kd fuiq.k rFkk prqj gSaA",P2D3R2
2,3,3,"Though you are an excellent person but when anger overtakes you, you are irritable, quickly roused, easily annoyed and devoid of patience. The great thing for you to do on these occasions is to practice the art of mastering your own actions. Make up your mind to be strong and cultivate such qualities as determination.",";|fi vki ,d Js""B rFkk fof'k""V O;fDr gSa ijUrq tc vki ij xqLlk gkoh gksrk gS rks vki vR;kf/kd fpM+fpM+s] xqLls ds lkFk 'kh/kzrk ls yM+us okys] rFkk /kS;Zghu gks tkrs gSaA vr% ,sls voljksa ij Hkyh izdkj dk;Z djus ds fy, lcls egRoiw.kZ ckr ;g gS fd vki bl ckr dk yxkrkj iz;kl djsa fd vki viuh fØ;kvksa rFkk izfrfØ;kvksa ij lko/kkuhiwoZd dkcw ik ldsaA vius efLr""d dks cyoku rFkk 'kfDroku cukb, rFkk bu xq.kksa dks n`<+ y{; ds :i esa Lo;a esa iSnk djsaA",P2D3R3
2,3,4,"You do not say as much as you think and while you are thinking, you are reasoning. It follows that your judgement is worth having and people will flock to you for advice.","vki ftruk lksprs gSa] mruk dgrs ugha gSa rFkk tc vki lksp jgs gksrs gSa] ml oDr vki foosd ls fopkj dj jgs gksrs gSa] ifj.kkeLo:i vkidk fu.kZ; viukus yk;d gksrk gS rFkk ;gh dkj.k gS fd vkils lq>ko ysus ds fy, yksxksa dh HkhM+ vkids vkl&ikl jgrh gSA",P2D3R4
2,3,5,"You are a born leader but you are too modest to parade this quality. You think in big things, and act in big things and you cannot be bothered with niggling details.",vkiesa usr`Ro ds xq.k tUe ls gh gSa ijUrq vR;kf/kd yTtkoku rFkk fouhr gksus ds dkj.k vki bl xq.k dk O;ogkfjd :i ls mi;ksx ugha dj ikrsA vki mPp dksfV dk lksprs gSa rFkk mPp dksfV dk dk;Z djrs gSaA vki rqPN oLrqvksa rFkk fooj.kksa dh ijokg ugha djrsA,P2D3R5
2,3,6,"You are a person who wants to know the why and where of everything. Until you are satisfied on these points, you refrain from acting. Consequently, sometimes you miss a good deal, and some people look upon you as a procrastinator.","vki ,d ,sls O;fDr gSa tks izR;sd oLrq ds fo""k; esa lnSo ;g tkuuk pkgrs gSa fd og D;ksa rFkk dgk¡ gSA tc rd fd vki bl fo""k; dks tkuus esa lUrq""V ugha gks tkrs rc rd dqN dk;Z djus ds fy, dne ugha mBkrsA ifj.kkeLo:i] dHkh&dHkh vki ,d vPNk ykHk [kks nsrs gSa rFkk yksx vki dks foyEc djds Vkyus okys nh?kZlw=h euq""; dh Hkkafr ns[krs gSaA",P2D3R6
2,3,7,"You are not as practical as some people, and in keeping appointments, you are not too punctual.",vki vusd vU; yksxksa dh rjg O;ogkfjd ugha gSa rFkk vki le; ds ikcUn ugha gSa D;ksafd feyus ds fu;fer le; ij vki vius xUrO; ij ugha ig¡qprsA,P2D3R7
2,3,8,"You are large in mind and large in heart. You are ready to help others. You know the value of happiness and know how to obtain it but you will never get happiness at other's cost. In fact, you devote your energies towards securing happiness for others.","vki eu&efLr""d ls cgqr n;kyq O;fDr gSaA vki nwljksa dh enn ds fy, lnSo rRij jgrs gSaA vki g""kZ o [kq'kh ds egRo dks Hkyh&Hk¡kfr tkurs gSa rFkk mls dSls izkIr fd;k tk ldrk gS] ;g Hkh vkidks Kkr gSaA ijUrq ;g lc vki nwljksa ds ewY; ij ugha djrsA okLro esa vki viuh 'kfDr dks nwljksa dh [kq'kh ds fy, lefiZr djrs gSaA",P2D3R8
2,3,9,"You know how to express your opinions in public and you have a neat gift for being humorous. It follows that you are credited by your friends as being jolly good company. Certainly you are entertaining. Your friends by the way, have considerable influence on you and it is highly necessary that you should chose them wisely and deliberately.","vki ;g Hkyh Hkk¡fr tkurs gSa fd vius fopkjksa dks tulk/kkj.k esa fdl izdkj O;Dr fd;k tk ldrk gSA vkidk fouksnh LoHkko vkidks migkj Lo:i izkIr gSA blls vki o vkids fe= vkidh vkuUnnk;d vPNh lHkk dk Qk;nk mBkrs gSaA fu'fpr :i ls vki ,d euksjatd O;fDr gSaA vki ij vkids fe=ksa dk izHkko cgqr vf/kd gksrk gS vr% ;g vfr vko';d gS fd vki fe=ksa dks cqf)ekuh ls ns[k&ij[k ij pqussaA",P2D3R9
2,4,1,"We would suggest that you should endeavor to cultivate the quality of patience, and that you reason out the cost more thoroughly before embarking upon some fresh enterprise. These are little points but they help to mar your success. Moreover, avoid being a rolling stone (avoid changes) especially after the age of 35.","ge vkidks ;g lq>ko nsaxs fd vki /kS;Z rFkk lcz tSls xq.kksa dks Lo;a esa QyhHkwr djus dh ps""Vk djsa rFkk fdlh Hkh O;olk; esa yxus ls iwoZ mlds [kpZ vkfn ds fo""k; esa Hkyh izdkj ls tk¡p djysaA dqN NksVs&NksVs fo""k; ,sls gSa tks fd vkidh lQyrk esa fouk'kd fl) gks ldrs gSA blds vfrfjDr vkidks pkfg, fd vki cnykoksa ls ijgst djsaA 35 o""kZ dh vk;q ds i'pkr~ bl ckr dk fo'ks""k /;ku j[ksaA",P2D4R1
2,4,10,"You are calculative and realistic. You always want to achieve something. There is some deep desire burning in your heart to achieve something. This makes you restless at times. However, you will always have proud on your achievements.",vki cgqr fopkjoku rFkk okLrfodrk esa fo'okl j[kus okys O;fDr gSaA vki lnSo dksbZ u dksbZ lQyrk izkIr djuk pkgrs gSaA vkids ân; esa dqN izkIr djus dh rhoz bPNk Tokyk dh Hkk¡fr tyrh jgrh gSA bl dkj.k dHkh&dHkh vki v'kkar Hkh gks tkrs gSaA ijUrq fQj Hkh viuh lQyrkvksa ij vkidks lnSo xoZ jgsxkA,P2D4R10
2,4,11,"Your greatest weakness lies in the way you treat others. You cannot tolerate inefficiency and you are apt to consider those who do not see eye to eye with you as being hopelessly beneath contempt. It would not be difficult for you to cultivate a more charitable and tolerant view towards those who are likely to earn your disapproval. At any rate, it is well worth trying.","vkidh lcls cM+h nqcZyrk nqljksa ds lkFk vkids O;ogkj esa >ydrh gSA vki v;ksX;rk lgu ughsa dj ldrsa rFkk tks yksx vkids lkFk le:i n`f""V ls oLrqvksa dks ugha ns[krs og vkidh n`f""V esa vk'kk ls ijs frjLd`r yksx gksrs gSaA vkids fy, ;g dfBu ugha gksxk ;fn vki mu yksxksa ds izfr vf/kd n;kyqiw.kZ rFkk lgu'khy n`f""V viuk,a tks vkids fopkjksa ls lger ughsa gksrsA fdlh Hkh ewY; ij ,slh dksf'k'k djuk vkids fy, ykHknk;d gSA",P2D4R11
2,4,12,"Your chief weakness is that you are somewhat easily impressed. In fact, you believe too much of what you hear. Unscrupulous people are quick to notice this defect in you and they are certain to trade it sooner or later. Therefore, be on your guard and avoid being victimised by someone who may come to you in the guise of a friend.","vkidh lcls cM+h nqcZyrk ;g gS fd vki cgqr 'kh/kzrk ls izHkkfor gks tkrs gSaA okLro esa vki tks Hkh lqurs gSa] mlesa vR;kf/kd fo'okl djrs gSaA blls ,sls O;fDr] ftuij fcYdqy Hkh lUnsg ugha fd;k tk ldrk] os Hkh vkids bl voxq.k dks 'kh/kzrk ls igpkudj dHkh&dHkh bldk Qk;nk mBkus dh dksf'k'k djrs gSaA blfy, Lo;a ds izfr lpsr jgsa rFkk ,sls yksxksa ls cpsa tks fe= ds Hksl esa vkids lkeus izLrqr gksrs gSA",P2D4R12
2,4,2,Though you applaud what is old and well tried but you also give new things a fair trial. You are remarkably good-hearted and noted for your love towards children.,";|fi vki iqjkus rFkk Hkyh izdkj ls dksf'k'k fd, gq, fo""k;ksa rFkk oLrqvksa dh ljkguk RkFkk iz'kalk djrs gSa ijUrq uohu oLrqvksa ds fy, dksf'k'k djus esa Hkh lnSo rRij jgrs gSaA vki fo'ks""k :i ls ,d vPNs ân; ds Lokeh gSa rFkk cPpksa ds izfr Lusg vkiesa fo'ks""k :i ls izdV gksrk gSaA",P2D4R2
2,4,3,You are a considerate person. But we advise you to be more considerate to the people who need your support and endeavor to be a little better not so that you may crow over them but in order to give them a helping hand.,"vki ,d fopkjoku O;fDr gSaA ijUrq ge vkidks lq>ko nsrs gSa fd vki vU; O;fDr;ksa ds izfr vf/kd fopkjoku rFkk nwjn'khZ cusa ftlls fd os vkidh enn rFkk lg;ksx izkIr djds vf/kd Js""Bdj cuus dk iz;Ru djsaA ijUrq ;g lc blfy, ugha gksuk pkfg, fd vki muds nks""k fudkysa] cfYd ;g lc mudh lgk;rk djus ds fy, gksuk pkfg,A",P2D4R3
2,4,4,"You have several excellent qualities. You are highly sympathetic, which makes you a good friend. You are loyal and patriotic and are thus a first class citizen. You are, or would be a most lovable parent. You are, or would be, everything that your partner could desire. Clearly, the good qualities of yours far outweigh the others.","vkiesa vusd Js""B rFkk fof'k""V xq.k gSaA vki vR;kf/kd n;kyw gSaA vkidk ;g xq.k vkidks ,d vPNk fe= cukrk gSaA vki ,d lPps HkDr gSa ftlls vki ,d vOoy ntsZ ds ukxfjd lkfcr gksrs gSaA vki ,d lPps vkSj cgqr I;kj djus okys ekrk ;k firk cusaxsA ;fn vkidk lgHkkxh gS rks vki mldh bPNkvksa ds vuq:i lc dqN gSa vkSj ;fn ugh gSa rks vki Hkfo""; esa ,d ,sls gh O;fDr cusaxsA Li""Vr% vkids dqN xq.k vkidks vU; yksxksa ls vf/kd egRoiw.kZ cukrs gSaA",P2D4R4
2,4,5,"Your ambitions are exalted and you set yourself a very high goal to aim at. Often, you fall short of the mark, as is bound to happen, but what you do achieve is above the average.","vkids y{; cgqr Å¡ps gksrs gSa rFkk vki lnSo fdlh Å¡ps y{; dh izkfIr ds fy, Lo;a dks rRij j[krs gSaA izk;% vki vius y{; ls pwd tkrs gSa] D;ksafd ,slk gksuk ckf/kr gSA ijUrq vki vius y{; esa lkekU; ls vf/kd gh lQyrk izkIr djrs gSaaA",P2D4R5
2,4,6,"In a measure you are too sensitive and often you hold back when you should go ahead. This unfits you for certain forms of leadership. You do not want your own way in many things. In fact, you are very amenable, taken all round.","vki ,d vR;Ur Hkkoqd O;fDr gSaA rFkk izk;% vkxs cM+us dh ctk; vki ihNs dh vksj gh tkrs gSaA vkidk ;g voxq.k vkidks usr`Ro ds ;ksX; ugha cukrkA cgqr ls fo""k;ksa esa vki Lo;a dk rjhdk iz;ksx ugha djuk pkgrsA okLro esa vki ,d ftEesnkj O;fDr ds :i esa yksxksa }kjk ns[ks tkrs gSa rFkk okLro esa ,sls gh O;fDr gSaA",P2D4R6
2,4,7,"You are somewhat over-sensitive and there are times when you are put out needlessly. But your displeasure does not show itself in the form of a squabble. Disharmony is a thing you avoid at all costs. May be, you nurse a grievance, but this is something that others are never allowed to sense. You keep it strictly to yourself.","vki vko';drk ls vf/kd Hkkoqd gSa rFkk le;&le; ij yksxksa }kjk vuko';d gh nck, tkrs gSaA ijUrq vki viuk jks""k >xM+k djds O;Dr ugha djrsA vki lnSo bl ckr dk /;ku j[krs gSa fd fdlh Hkh dher ij rkyesy Hkax u gksA 'kk;n vki nwljksa }kjk izkIr d""V dks lgu dj ldrs gSa ijUrq yksx vkidh bl Hkkouk dks vuqHkwr ugha djrsA vki viuh bl lgu'khyrk dks Lo;a esa dBksjrk ls j[krs gSa ftlls fd nwljksa dks ;g Kkr u gksaA",P2D4R7
2,4,8,"You are sympathetic, hard-working, generous and friendly but are quick to be aroused. When you become angry, you lose all control and make assertions for which you will be sorry later on. So, try to have better self-control.","vki n;kyq] ifjJeh] lH; o eSf=iw.kZ O;ogkj ds Lokeh gSA ijUrq vki 'kh/kzrk ls mÙksftr gks tkrs gSaA tc vki Øksf/kr gksrs gS rks Loa; ij la;e [kks cSBrs gS rFkk ,sls fu'p; dj ysrs gSa ftuds fy, ckn esa vkidks nq%[k gksrk gSaA vr% Lo;a ij Hkyh izdkj la;e djus dk iz;Ru djsaA",P2D4R8
2,4,9,"Your greatest failing is that you are versatile and that your energies are directed into too many channels. Concentrate on fewer branches of work and pleasure, and you will greatly benefit by the change.","vkidh lcls cM+h foQyrk ;g gS fd vki papy izo`fÙk ds gSa rFkk vkidh 'kfDr;k¡ o ÅtkZ vR;kf/kd fn'kkvksa esa c¡Vh gqbZ gSaA vki Lo;a dks FkksMs+ dk;kZsa o vkuUn esa dsfUnzr djsaA ;g cnyko vkids fy, vkR;kf/kd ykHknk;d gksxkA",P2D4R9
3,1,1,"You have been endowed with the common sense and clarity to know what you really want. Lucid and practical, you seek happiness in the environment and are unafraid to expand your horizons, easily recognising fears and working them through. But be cautious, if you are always thinking of your own welfare and are inconsiderate of others, your chance of happiness are minimal.","vkidks lkekU; Kku rFkk viuh bPNkvksa ¼tks vki pkgrs gSa½ dks Li""Vrk ls tkuus dk ojnku izkIr gSA Li""V rFkk O;ogkfjd.k ds ekgkSy esa vki g""kZ izkIr dj ysrs gSa rFkk blds fy, vki viuh lhekvksa ls ijs [kpZ djus esa Hkh Hk; ugha djrsA vki vius Hk; dks vklkuh ls eglwl djds mls nwj djus ds fy, loZFkk dk;Z djrs jgras gSaA ijUrq bl ckr ds fy, lpsr jfg, fd ;fn vki dsoy viuh [kq'kh ds fy, gh fopkj djrs gSa rFkk nwljksa dk Hkyk lkspus esa ihNs gVrs gSa rks g""kZ izkfIr ds volj cgqr de gks tk,axsA",P3D1R1
3,1,10,"You will often meet with disappointments and expect more, for you tend to worry so much that the very things you are afraid of usually happen. Very shy, you have great difficulty in communicating feelings and emotions. If you will clear your head of all worldly matters for a small period each day and sit in meditation, you will feel much peace and realise that things are not as bad as they seem.","vki izk;% fujk'kk ls xzLr jgsaxs rFkk vkSj vf/kd fujk'kkoknh fLFkfr;k¡ izkIr gksus ds fo""k; esas lksprs jgsaxsA ,slk blfy, gS D;ksafd vki vR;kf/kd fpUrk djrs gSa rFkk izk;% ftlls vkidks Hk; gksrk gS] og ?kVuk ?kV tkrh gSaA vf/kd 'kehZys gksus ds dkj.k viuh Hkkoukvksa dks nwljksa rd ig¡qpkus esa vkidks dfBurk vuqHko gksrh gSA ;fn izR;sd fnu] dqN le; ds fy, vki vius efLr""d dks lkalkfjd ekeyksa ls [kkyh djds] /;ku yxkus ds fy, cSBsa rks vkidks 'kkfUr izkIr gksxh rFkk Kkr gksxk fd fLFkfr;k¡ bruh cqjh ugha gS ftruh vkidks fn[kkbZ nsrha gSA",P3D1R10
3,1,11,"Expecting too much too soon, you are under tremendous inner tension and are too stubborn to compromise. Extremely nervous, you scatter your energies by doing too many things at once and rarely complete anything, for there is always something new to discover. At later part of your age, you may experience migraine headaches and must learn to relax. Any sort of combined physical and mental discipline such as yoga is an excellent remedy.","vki lnSo ;gh vk'kk djrs gSa fd cgqr dqN cgqr tYnh gks tk, ftlls vki vkUrfjd ruko ls vR;kf/kd xzLr jgrs gSa rFkk le>kSrk djus esa vR;kf/kd gBh gksrs gSaA vR;kf/kd /kcjkyq gksus ds dkj.k vki ,d le; esa cgqr ls dk;Z vkjEHk djds viuh ÅtkZ dks O;FkZ gh b/kj&m/kj fc[ksj nsrs gSaA bl dkj.k eqf'dy ls gh vki fdlh dk;Z dks lEiw.kZ dj ikrs gSaA vki lnSo dqN u dqN uohu [kkstus ds bPNqd jgrs gSaA viuh vk;q ds ckn ds o""kksZ esa vki ekbxzsu flj nnZ ls xzLr gks ldrs gSa vr% vkidks Lo;a dks fpUrkeqDr j[kuk lh[kuk pkfg,A fdlh Hkh izdkj dk 'kkjhfjd rFkk ekufld fu;e tSls fd ;ksxkH;kl vkids fy, ,d mÙke vkS""k/kh gSA",P3D1R11
3,1,12,"You are a person who live in fantasy. Hypersensitive, many of you have inferiority complexes, feeling slighted by taking the most unrelated incident as personal insult. It is important that you do not indulge in drugs or alcohol, for this adds to your unclarity. You be honest with yourself and others, and attempt to be as realistic as possible, for you tend toward escapism. Music, colours and nature are very positive in smoothing your overly sensitive being.","vki dYiukvksa esa jgus okys O;fDr gSaA vR;f/kd Hkkoqd gksus ds dkj.k vkiesa ls cgqr ls yksx ghu Hkkouk dk f'kdkj gks tkrs gSa rFkk vkils loZFkk vlEcfU/kr ?kVukvksa dks O;fDrxr vieku le>dj viuh Hkkoukvksa dks frjLd`r le>rs gSaA vkids fy, ;g cgqr egRoiw.kZ gS fd vki u'ks ;k 'kjkc tSlh vknrksa esa u iMsa D;ksafd ;g vkidh vLi""Vrk dks vkSj Hkh c<+k ldrh gSaA D;ksafd vki fLFkfr;ksa ls iyk;u dj tkrs gSa vr% vki dks pkfg, fd vki Lo;a ds lkFk rFkk nwljksa ds lkFk bZekunkj jgsa rFkk vf/kd ls vf/kd O;ogkfjd cuus dk iz;Ru djsaA laxhr] jax rFkk izd`fr vkidh vko';drk ls vf/kd Hkkoqd vfLrRo dks dqN gn rd ldkjkRed :i ls de djus esa lgk;rk iznku djrs gSaA",P3D1R12
3,1,2,"There is a harmony between your thinking and feelings, enabling you to have a firm grasp on reality. You are very practical, able to understand yourself, and say tactfully exactly what's on your mind. You are able to see what in your inherent nature prevents you from achieving and you are able to verbalise this. However, you will tend to worry about the most inconsequential matters, tend to gossip and be as critical of yourself as you are of others.","vkidh lksp rFkk Hkkoukvksa esa ,d rkyesy gS tks vkidks bl ;ksX; cukrk gS fd vki okLrfodrk ij dBksj idM+ j[k ldsaA vki cgqr O;ogkfjd O;fDr gSa rFkk Lo;a dks le>us esa iw.kZr% leFkZ gSaaaA vki esa ;g xq.k gSa fd vki cMh prqjrk ls nwljksa ds le{k vius efLr""d dh ckr izLrqr dj ldrs gSaA vki ;g ns[kus esa Hkh ;ksX; gSa fd vkids iSr`d izo`fÙk dh dkSu lh oLrq vkidks vUr%dj.k dh lUrqf""V izkIr djus ls jksdrh gS rFkk vki bls nwljksa ls dg ldrs gSaA ijUrq fQj Hkh] vki v;qDr o vuko';d fo""k;ksa ds ckjs esa fpUrk djus esa layXu jgsaxs] O;FkZ dh ckrksa dks cM+k dj crk,axs rFkk Lo;a ds izfr Hkh mrus gh vkykspd jgsaxs ftruk fd nwljksa ds izfrA",P3D1R2
3,1,3,"You have the ability to truly enjoy yourself in the company of others. Quite cheerful and pleasant, you are not afraid to laugh and usually have an excellent sense of humor. Your mind is influenced strongly by beauty, and you may bring it prominently into your environment. Anyone who can bring beauty into his or her surroundings is more prone to happiness.","vkiesa ;g xq.k gS fd vki nwljksa ds lalxZ esa lPph [kq'kh izkIr dj ldrs gSaA [kq'kfetkt rFkk gf""kZr] vki g¡lus ls Hkh ugha Mjrs rFkk vkuUn ds izfr ,d loksZÙke Hkkouk vkiesa fo|eku gSaA vkidk efLr""d lqUnjrk ls cgqr tYnh izHkkfor gksrk gS rFkk vki bl lqUnjrk dks lnSo ds fy, vius ekgkSy esa yk ldrs gSaA dksbZ Hkh O;fDr tks lqUnjrk dks vius bnZ&fxnZ yk ldus esa l{ke gSa] [kq'k jgus esa loZFkk leFkZ gSA",P3D1R3
3,1,4,"You are brave and ambitious. Unafraid to take chances and enact their plans, you are extremely active individual who stimulates others into action. A busy person who is always doing something constructively, you rarely misuse energy. If what you are doing with your life is unfulfilling, you are unafraid to change it.","vki cgknqj rFkk egRokdka{kh gSaA vki ,d vR;Ur fØ;k'khy O;fDr gSa tks voljksa ij ;kstuk cukdj fuHkZ; gksdj dk;Z djrs gSa rFkk vU; yksxksa dks Hkh dk;Z djus ds fy, izksRlkfgr o mÙksftr djrs gSaA ,d ,slk O;fDr gksus ds dkj.k tks lnSo dk;Z esa fujr jgrk gS rFkk lnSo dqN u dqN l`tukRed djus ds dkj.k vki viuh 'kfDr dk iz;ksx xyr <+x ls ugha djrsA ;fn vkidks ;g vkHkkl gks fd tks dqN Hkh vki vius thou esa dj jgs gSa] og iw.kZ :i ls lUrks""ktud ughsa gSa] rks vki fcuk Hk; ds bls cny ldrs gSaA",P3D1R4
3,1,5,"You are having the feelings of confidence and optimism. You always feel that things will turn out well and have the ability to make this come to pass. Extremely kind and tolerant of others, you are also very practical, and can gain complete understanding of total concepts from the most minor detail. You have faith and a philosophical attitude toward life which helps you through many trials and gives you the greatest potential for achieving happiness.","vki fo'okl ls Hkjiwj rFkk vk'kkoknh Hkkoukvksa ds Lokeh gSaA vki lnSo ;g fo'okl djrs gSa fd lc dqN Bhd gksxk rFkk vki bl Hkkouk dks okLrfodrk esa lp djus dh ;ksX;rk j[krsa gSaA nwljksa ds izfr vR;kf/kd n;kyw rFkk lgu'khy gksus ds lkFk gh vki cgqr O;ogkfjd Hkh gSa rFkk NksVs ls NksVs fooj.k ls Hkh vki fdlh Hkh /kkj.kk ;k fo""k; ds ckjs esa lEiw.kZ tkudkjh izkIr dj ldrs gSaA thou ds izfr vkidk fo'okl rFkk nk'kZfud :[k vkidks thou dh ifj{kkvksa ls lQyrkiwoZd fudyus esa enn djrk gS rFkk [kq'kh izkIr djus ds fy, egku 'kfDr iznku djrk gSA",P3D1R5
3,1,6,"You are a practical person. You have the ability to systematically organise your life, sober-mindedly realising that you must work for success. You tend to be a loner, preferring to think and study, and excel at solving difficult problems. Sober and cautious, you can be completely fulfilled if you will view life with more optimism. You are usually happier in life when you come to the realisation that life is not as bad as you thought it be.","vki ,d O;ogkfjd O;fDr gSaA vkiesa ;g ;ksX;rk gS fd vki thou dks ,d i)fr ;k Øekuqlkj O;ofLFkr dj ldrs gSa D;ksafd vkidh lkSE; fopkj/kkjk ds vuqlkj lQyrk izkIr djus ds fy, ifjJe djuk vko';d gSA vki vdsys jgdj lkspus rFkk v/;;u dks izkFkfedrk nsrs gSA rFkk dfBu leL;kvksa dks gy djus esa fof'k""Vrk fl) djrs gSA lkSE; rFkk lpsr] vkidk thou lEiw.kZ o Hkjiwj lQy gks ldrk gS ;fn thou dks vki vkSj vf/kd vk'kkoknh n`f""Vdks.k ls ns[ksaA lkekU;r% tc vkidks bl ckr dk vkHkkl gksrk gS fd thou mruk cqjk ugha gS ftruk vki lksprs Fks] rks vki gf""kZr gksrs gSaA",P3D1R6
3,1,7,"You are a courageous person. You are so impulsive, there is no time to worry or fear your actions. You have periodic flashes of such insight that your intuition borders on genius. Many seek your company, for there is much excitement about you. An excellent character reader, you are often attracted to the occult, which gives you a deeper understanding of life. Your remarkable vision enables you to forge ahead and be successful in understanding any difficulties that are preventing your growth.","vki ,d lkgfld O;fDr gSaA vki brus vf/kd mÙkstd gSa fd vkidh fØ;kvksa ds fy, fpUrk vFkok Hk; djus dk le; gh ugha feyrkA le; le; ij vkids vUr%dj.k esa ,slh ped dk mn; gksrk gS fd vkidk iwokZHkkl o vUrKkZu cqf)ekuh dh pje lhek rd igq¡p tkrk gSA D;ksafd vkids ckjs esa ,slk cgqr dqN gS ftlds izfr yksxksa esa mf}Xurk jgrh gS vr% os vkids lalxZ esa jguk ilan djrs gSaA fdlh ds O;fDrRo dks i<+us esas vki fo'ks""k ;ksX;rk j[krs gSaA lkekU;r% vki xqIr jgL;ksa o vykSfddrk dh vksj 'kh/kzrk ls vkd`""V gksrs gSa] ftlls fd thou ds xw<+ jgL;ksa dks le>us esa vki ;ksX; gksrs gSaA vkidh fof'k""V n`f""V vkidks uhfr cukrs gq, vkxs c<+us ds ;ksX; cukrh gS rFkk ;g tkuus ds fy, lQy cukrh gS fd dkSulh dfBukbZ vkidh o`f) esa ck/kd gSa ftlls fd vki mldk lQyrkiwoZd gy izkIr dj ldsA",P3D1R7
3,1,8,"You are idealistic and inspiring to others, for you have inherent spiritual faith. Extremely sensitive, you are well liked - you rarely hurt others' feeling. Your happiness comes from the realisation that the difficulties of life are the lessons that you have to learn to become a complete individual.","vki vkn'kZoknh gS rFkk nwljksa dks izsfjr djrs gSasA vkiesa iSr`d vk/;kfRed fo'okl gSaA vR;kf/kd Hkkoqd gksus ds dkj.k vki yksxksa }kjk ilan fd, tkrs gSaA ;g yxHkx vlEHko gS fd vki nwljksa dh Hkkoukvksa dks nq%[k igqpk,¡] vkidks [kq'kh izkIr gksrh gS tc vki dks ;g vkHkkl gksrk gS fd thou esa dfBukbZ;k¡ fl[kkus ds fy, gh vkrh gSa ftlls fd ge lEiw.kZ O;fDr cuuk lh[krs gSaA",P3D1R8
3,1,9,"You have the ability to seeing through anything or anyone, so it is very difficult to hide anything from you. This clarity of insight assists in the overcoming of opposition and the achievement of satisfaction. You have a quick grasp of any situation and the ability to solve any problem, for you go directly to the point.","vkiesa ;g ;ksX;rk gS fd vki fdlh Hkh oLrq vFkok O;fDr ds Hkhrj rd ns[k ldrs gSa vr% vki ls dqN Hkh fNikuk dfBu gksrk gSaA vUr%izdk'k dh ;g Li""Vrk vkidks lUrqf""V izkIr djus esa ck/kd fdlh Hkh foijhr fLFkfr dk lkeuk djds mls lekIr djus esa lgk;rk iznku djrh gSA fdlh Hkh ifjfLFkfr ds fo""k; esa vki 'kh/kzrk ls Hkk¡i tkrs gSa rFkk dfBukbZ;ksa dks gy djus dh ;ksX;rk j[krs gSa D;ksafd vki lh/ks eq[; fo""k; ij gh ckr djrs gSaA",P3D1R9
4,1,1,"Love comes early in your life and when it comes, it strikes a very ardent note. But big flames die out quickly and you are out of love many times before the final choice is made. Probably, the wedding will not be an early one, nevertheless, it will be a happy one.","vkidks thou esa tYnh gh izse gks tk,xk rFkk vkidks izp.M mRlkg ls Hkj nsxkA ijUrq izp.M Tokyk dh yiVs 'kh/kz gh 'kkUr gks tk,¡xh rFkk vfUre fu.kZ; djus ls iwoZ dbZ ckj izse ls fjDr gks tk,¡xsA 'kk;n fookg tYnh u gks ijUrq vkidk oSokfgd thou [kq'kgky gksxkA",P4D1R1
4,1,10,"Generally, you are very careful in taking a partner. The horror of making a possible mistake seems to be magnified in your eyes and you are very cautious. As a consequence, you marry later than usual. But, once you make a choice, you become charming and devoted spouse.","lk/kkj.kr% vki thou lkFkh pquus esa cgqr /;ku j[krs gSaA fdlh izdkj dh xyrh gksus dk Mj vkidh vk¡[kksa esa c<+ p<+ dj fn[kkbZ nsrk gSA vr% blds fy, vki vR;Ur lko/kku jgrs gSA ifj.kkeLo:i vkidk fookg foyEc ls gksxkA ijUrq ,d ckj lkFkh pquus ds i'pkr vki ,d euHkkou o lefiZr ifr ;k ifRu fl) gksaxsA",P4D1R10
4,1,11,"You drift into matrimony almost as a matter of course. Very frequently, there is no courtship, so much as a friendship. Generally, you will not write love letters and the less romance comes into the affair the better. But do not conclude that you view marriage in a detached light. Far from it, once you marry, you do it with the full intention of marking the union as harmonious as is humanly possible and this ideal is not cast aside even after the lapse of a few years.","vki fuf'pr :i ls fookg laLdkjksa dh vksj vf/kd eqM+rs gSaA vki ftl vf/kdrk ls fe=rk djrs gSa] mruh vf/kdrk ls fookg ds fufeÙk vkjk/kuk ugha djrsA lk/kkj.kr% vki izse i= ugha fy[ksaxs rFkk vkids izse lEcU/k esa dfYir Hkkouk,¡] dgkfu;k¡ vkfn de gksaxh tks fd cgqr vPNk gSA ijUrq ,slk dnkfi ugha lksps fd vki fookg dks bl lUnHkZ ls vyx j[ksaxsA blls foijhr] ;fn ,d ckj vki fookg lw= esa ca/k tkrs gSa rks vkidh lnSo ;gh bPNk jgrh gSa fd vkids lEcU/k esa esy&feyki cuk jgsa rFkk fookg ds vusd o""kksZs ds i'pkr Hkh vkidk ;g vkn'kZ lekIr ugha gksrkA",P4D1R11
4,1,12,"You, from your very nature, require friendship and love in order to exist. Therefore, you will marry early, though possibly you will have more than one love-affair before making a binding choice. Once married, you are an admirable partner. When love relationship come into your life, you feel yourself walking on a cloud, more romantic than ever before. It can deepen your feelings with loved ones, and you may acquire a new understanding of your relationship by becoming very spiritual.","vkidh izo`fÙk ds vuqlkj] vkidks thfor jgus ds fy, fe=rk rFkk izse vko';d gSA vr% vki fookg 'kh/kz gh dj ysxsa gkaykfd etcwr lEcU/k cukus ls iwoZ vkids ,d ls vf/kd izse lEcU/k gks ldrs gSaA ijUrq ,d ckj fookg gksus ds i'pkr vki ,d iza'kluh; lg;ksxh fl) gksaxsA tc vkids thou esa dksbZ izse lEcU/k cu tkrk gS] rks vki gok esa mM+us yxrs gSa rFkk igys ls dgha vf/kd jfld cu tkrs gSA ;g vkidh Hkkoukvksa dks vkSj vf/kd xgjk cuk nsrk gS rFkk ftlls vki izse djrs gS] mlds o Lo;a ds lEcU/k esa vk/;kfRed gksdj ubZ lw>&cw> o Kku izkIr djrs gSaA",P4D1R12
4,1,2,"You are sociable and look upon a wide circle of friends as the correct state for happiness. From among these friends, you will single out one who means everything to you and that one you will marry, if you have not already done so. Your nature is full of sympathy. Consequently, there is every reason for affirming that your married life will be a happy one. You are the sort that thinks a great deal of your home and its contents, and you expect it to be a comfortable, well-kept place. Disorder in the house is likely to grate on your susceptibilites. Your children will mean a great deal to you. You will work for them and give them the utmost in education and enjoyment, and what you lavish on them will not be wasted.","vki lkekftd gSa rFkk fe=ksa ds ,d cMs+ oxZ esa fo'okl j[krs gSaA vkids fopkj esa fe=ksa dk cM+k oxZ gksuk [kq'kh izkIr djus dh mÙke voLFkk gSA bu fe=ksa esa ls vki ,d dks pqusaxs tks vkids fy, lc dqN gksxk rFkk ftlls vki fookg djsaxs] ;fn igys vkius ,slk ugha fd;k gSA vkidk LoHkko n;k ls iw.kZ gSA ifj.kkeLo:i] lHkh dkj.kksa ls vkidk oSokfgd thou [kq'kgky o lq[kh gksxkA vki ,d ,sls O;fDr gSa tks vius ?kj rFkk bldh lUrqf""V ds fo""k; esa vR;f/kd lksprs gSa rFkk vk'kk djrs gSa fd vkidk ?kj vkjkenk;d rFkk lHkh lq[k&lqfo/kkvksa ls Hkjk gksA ?kj esa fdlh Hkh izdkj dh voLFkk vkidh lgt Hkkoukvksa dks cqjh rjg ls izHkkfor djrh gSA vkids cPps vkids fy, fo'ks""k egRo j[ksaxsA vki muds fy, dk;Z djsaxs rFkk mUgsa vf/kd ls vf/kd f'k{kk rFkk vkuUn nsus dk iz;Ru djsaxsA vki mu ij tks Hkh [kpZ djsaxs og csdkj ugha tk,xkA",P4D1R2
4,1,3,"You need love as much as food. You are capable of deep affection and make excellent partner. You must guard against marrying someone with a lower status than yours because you lack just the toleration required for making such a union success. You are a true charmer, have excellent taste and tend to seek contact with artistic people.","vkidks izse dh mruh gh vko';drk gS ftruh fd Hkkstu dhA vki xgjs vuqjkx ds ;ksX; gSa rFkk Js""B thou lkFkh izkIr dj ldrs gSaA vkidks bl ckr dk fo'ks""k /;ku j[kuk pkfg, fd vki fdlh ,sls O;fDr ls fookg u djsa tks ;'k rFkk fLFkfr esa vkils de ;ksX;rk j[krk gks D;ksafd ,sls lax dks lQy cukus ds fy, ftl lgu'khyrk dh vko';drk gksrh gS] og vkiesa de gSA vki cgqr gh eueksgd O;fDr gSaA vkidh :fp;k¡ mPp o Js""B gSa rFkk vki lnSo dykRed yksxksa ls lEidZ cukuk pkgrs gSaA",P4D1R3
4,1,4,"You are not a person who ought to go through life in single blessedness and, as a matter of fact, the older you grow, the more you will need a partner to listen to your joys and your sorrows. You set much score on a home of your own, and marriage brings this into being in a manner which you consider more perfect than any other. Your home will be your God. If you are a woman, you will say, when there will be your children because you were never so completely happy until they came. You will marry for love, naturally, but as the years roll on, you will think more and more of your partner, until a time will come when you cannot bear to be separated even for a day or two.","vki ,sls O;fDr ugha gS tks thou ds vkuUn dks vdsys HkksxsA okLro esa tSls&tSls vkidh vk;q c<+rh gS] vkidks ,d lkFkh dh vko';drk Hkh vf/kd vuqHko gksrh gS] ,d ,sls lkFkh dh vko';drk tks vkidh [kqf'k;ksa o nq%[kksa dks lqu ldsaA ?kj ds fy, vkids vius ewY; gSa rFkk blds fy,  fookg ,d ,slk fo""k; gS ftls vki fdlh Hkh vU; oLrq ls vf/kd egRoiw.kZ rFkk mÙke ekurs gSA vkidk ?kj vkids fy, Hkxoku ds rqY; gSA ;fn vki ,d L=h gSa rks lnSo ;gh pkgsaxh fd tYnh ls tYnh cPpksa dk tUe gks D;ksafd tc rd os ugha vk tkrs] vkidks lEiw.kZ [kq'kh izkIr ugha gks ldrhA ;g LoHkkfod gS fd vki izse ds fy, fookg djsaxsA ijUrq tSls&tSls o""kZ chrsaxs vki vius thou lkFkh ds izfr vf/kd lkspasxs rFkk ,d le; ,slk vk,xk tc vki ,d&nks fnu ds fy, Hkh vius lkFkh ls nwj gksuk lgu ugha dj ldsaxsA",P4D1R4
4,1,5,"In love matters, you are just as vigorous as you are in work and play. Once you fall in love, you want to be in the company of your intended-one every available minute of the time. You are too wise to neglect your work. But, once the work is accomplished you will hurry off to trysting-place to keep the appointment. When marriage is an accomplished fact, you will want to rule the home. The ruling will not be done, necessarily in an aggressive manner, it will certainly be efficient. If you are a woman, you often help your husband in his business affairs and this you perform with marked efficiency.","izse lEcU/kh ekeyksa esa Hkh vki mrus gh mRlkgh o izp.M gSa ftrus fd vius dk;Z o [ksy esaA ,d ckj ;fn vkidks izse gks tk, rks vki izR;sd J.k vius izseh ;k izfedk ds lkFk O;rhr djuk pkgrs gSaaA vki vius dk;Z dh dHkh Hkh mis{kk ugha djrsA ijUrq ,d ckj dk;Z lekIr gksus ij vius vuqcU/k dks iwjk djus ds fy, fNi dj feyus ds LFkku ij igq¡pus dks mrkoys jgrs gSaA tc 'kknh djus essa lQyrk izkIr dj ysrs gSa rks vki ?kj ij 'kklu djuk pkgrs gSa A okLro esa vki ?kj Øq/k rjhds ls ugha pyk,¡xsa vfirq cM+h ;ksX;rk ls Qynk;h rjhds ls pyk,¡xsaA ;fn vki ,d L=h gSa rks vki vius ifr ds O;kikfjd ekeyksa esa mudh enn djsaxs rFkk ;g lc vki iwjh l{kerk ls djsaxsA",P4D1R5
4,1,6,"You take love very seriously. In fact, you approach it in such a manner that the object of your affections is likely to be frightened away. Once the course of true love runs smoothly, you show that your affections are deep and real. You will make a very sympathetic partner and the person whom you marry will have your undivided love. You will want him or her, however, to listen attentively to your troubles. But, you will not have the patience to give a sympathetic ear to others.","vki izse dks vR;Ur xEHkhjrk ls ysrs gSaA okLro esa vki bl <+ax ls izse djrs gSa fd ftlls vki izse djrs gSa og Mj dj Hkkx tkrk gSA ;fn ,d ckj vkidk izse lEcU/k fufoZ/urk ls vkxs c<+ tk, rks vki fn[kk nsrs gSa fd vkidk izse xgjk o lR; gSA vkidk thou lkFkh cgqr n;kyq gksxkA ftlls vki fookg djsaxs og vkils vfoHkkT; izse djsxkA vki vius thou lkFkh ls ;g vk'kk j[ksaxs fd og vkidh ijs'kkfu;ksa dks /;ku ls lqusA ijUrq nwljksa ds izfr ,slk djus ds fy, vkiesa /kS;Z ugha gSA",P4D1R6
4,1,7,"There is no doubt that you should marry, if you are to enjoy the life that fits your natures best. Solitude and loneliness are death to you, and given suitable companionship, you are a very charming person. You want to marry young. For this, you should choose someone who is cheerful and entertaining as a partner. You require a home that is tastefully arranged and which reveals nothing of a sordid nature. ","blesa dksbZ lUnsg ugha gS fd ;fn vki vius LoHkko ds vuqdwy vius thou dk vkuUn izkIr djuk pkgrs gSa rks vkidks fookg djuk pkfg,A ,dkUr rFkk vdsykiu vkids fy, e`R;q ds leku gSA ;fn vkidks vuq:i o vkids mfpr lkFkh izkIr gks tk, rks vki ,d eueksgd balku cu ldrs gSaA vki ;qok O;fDr ls fookg djuk pkgrs gSa vr% vkidks ,d ,slk lkFkh pquuk pkfg, tks [kq'kfetkt o euksjatu djus okyk gksA vki ,d ,slk ?kj pkgrs gSa tks fd vkidh bPNkuqlkj O;ofLFkr gks rFkk tks efyurk ;k datwlh dks rfud Hkh u n'kkZrk gksA",P4D1R7
4,1,8,"There is no such thing as a platonic friendship where people like you are concerned. When you love, you love with an ardour that is unquenchable. You seldom change your affections, once you have been definitely expressed. However, anyone in the role of a rival is dealt with ruthlessly and may be with force. ","IySVksfud ¼IysVks uked rRoKkuh lEcU/kh v/;kfRed izse½ izse ;k nksLrh tSlh dksbZ oLrq ugha gSa tgk¡ vki tSls yksx lEcf/kr gksrs gSA tc vki izse djrs gSa rks iwjh mRlqdrk ls djrs gSa ftls cq>k;k ;k lekIr ugha fd;k tk ldrkA ;fn ,d ckj vkius viuk izse fuf'pr :i ls izdV dj fn;k gS rks vki mls dHkh ugha cnyrsA ijUrq ;fn dksbZ 'k=q ds Hksl esa vkils feyrk gS rks vki mlds lkFk cM+h Øwjrk ls O;ogkj djrs gSaA  blds fy, vki 'kfDr dk Hkh iz;ksx dj ldrs gSA",P4D1R8
4,1,9,"You never forget friends. Consequently, you have a large circle of acquaintances, many of them speaking a foreign tongue. From among this large circle you will choose a partner, if you have not already done so. Usually, the choice will surprise those who know you best. You will marry and be comfortable. But, marriage will not be everything to you, as it is to most people. Other diversions will be there with it and take your interests away from the home. Should your partner endeavour to curb this inclination, it may lead to a possible rupture.","vki vius fe=ksa dks dHkh Hkwwyrs ugha gSaA ifj.kkeLo:i vkids tkudkj yksxksa dk oxZ cgqr cM+k gksrk gSA buesa ls vusd yksx fons'kh Hkk""kk cksyus okys gksrs gSaA ;fn vkius vHkh rd dksbZ lkFkh ugha pquk gS] rks vki fe=ksa ds bl cMs+ oxZ esa ls ,d lkFkh pqu ysaxsA lekU;r% vkidh ialn mu yksxksa dks vk'p;Zpfdr djsxh tks vkidks csgrj <+x ls tkurs gSaA vki fookg djds vkjke ls jgsaxsA ijUrq fookg vkids fy, lcdqN ugha gksxk tSls fd vusd yksxksa ds fy, gksrk gSA blds lkFk&lkFk nwljh oLrq,¡ Hkh gSa tks vkidh :ph ?kj ls nwj dj nsaxhA ;fn vkidk lg;ksxh vkids bl cnyko dks jksdus dh dksf'k'k djuk pkgrk gSa  rks lEHkor% lEcU/k foPNsn Hkh gks ldrk gSA",P4D1R9
5,1,1,"Your health need not cause you any worry, but it must not be neglected. Your chief danger lies in submitting yourself to excesses of heat and cold, particularly the former. Either are bad for you. Beware of sunstroke especially if you have to travel in the Cold regions, and avoid anything that might tend to send up your temperature. Apoplexy, in later life, must be guarded against. It is highly important that you get plenty of sleep and do not keep late hours. This is imperative because, in your waking hours, you are excessively energetic and never still - all of which use up your vitality very rapidly. It is only with the aid of ample sleep that the loss can be repaired.","vkidk LokLF; vkids fy, fpUrk dk dkj.k ugha gksxk ijUrq bldh mis{kk fcYdqy u djsaA vkidk lcls cM+k [krjk ;g gS fd vki vR;f/kd xehZ o lnhZ ¼[kklrkSj ij lnhZ½ ds o'k esa gks tkrs gSaA nksuksa gh vkids fy, Bhd ugh gSaA yw yxus ls lko/kku jgsa [kkldj tc vki B.Ms izns'kksa esa Hkze.k dj jgs gksrs gSa rFkk izR;sd ,slh oLrq dk R;kx djsa ftlls vkidk rkieku c<+ ldrk gSaA thou ds ckn ds o""kksaZ esa fexhZ ds jksx dk fo'ks""k /;ku j[ksaA ;g vfr vko';d gS fd vki vf/kd funzk ysa rFkk lqcg nsj ls u mBsaA ;g blfy, Hkh vko';d gSa D;ksafd vius dk;Z le; esa vki vR;f/kd ÅtkZ ls Hkjiwj rFkk dHkh Hkh fLFkj ugha jgrsA ;s lc vkidh thou ÅtkZ dks 'kh?kzrk ls [kpZ dj nsrs gSaA dsoy i;kZIr funzk yssus ls gh ;g {kfr iwfrZ gks ldrh gSA",P5D1R1
5,1,10,"The length of your life depends more on yourself than on the fates. You have the power to attain a rip old age. But, if you wish to do so, you must take particular care of your lungs. Seek all the fresh air you can obtain and, without making yourself a faddist, dwell as much as possible under the sky of heaven. Make a practice of regular walking and see that your head is up and your chest open. Colds and coughs should never be neglected, and damp air is highly injurious. As a secondary caution, look to your digestion. Never overload it with foods that are rich and hard to digest. Plain food will serve you best. ","vkids thou dky dh yEckbZ HkkX; dh vis{kk vki ij vf/kd fuHkZj djrh gSA vkiesa o`) vk;q rd thfor jgus dh 'kfDr gSa ijUrq ;fn vki ,slk pkgrs gSa rks vkidks vius QsQM+ksa dk fo'ks""k /;ku j[kuk iMs+xk A 'kq) o rktk ok;q esa 'okl ysus dh vf/kd ls vf/kd ps""Vk djsa rFkk fcuk >Ddh cus ,d LoPB thou thus dk iz;Ru djsaA jkstkuk iSny lSj djus dh vknr cuk,a rFkk bl ckr dk /;ku j[ksa fd vkidk flj Åapk o Nkrh [kqyh gksA tqdke rFkk [kkalh dh mis{kk u djsaA ueh okyh ok;q cgqr [krukd gSA blds ckn vius ikpu ds izfr lpsr jgsaA ,slk [kkuk vko';drk ls vf/kd u [kk,¡ tks Hkkjh gks rFkk ipkus esa dfBukbZ  dk vuqHko gksA lknk Hkkstu vkids fy, mÙke gSA",P5D1R10
5,1,11,"From the point of view of health, you are fortunate. You have an excellent constitution. But, if any part of your body is less robust than the rest, it is your heart and all that immediately depends on it. Therefore, consider yourself carefully when the age of forty is reached and avoid overstrain. As a secondary caution, avoid damaging your eyes. This, however, applies more to early youth than to later life. If you have passed this age and your sight is unimpaired, you may reckon that the danger no longer exists. Stimulants have a specially bad effect on you and, if these are shunned ruthlessly, there is every reason to suppose that you will attain a good age and live a long, useful life.","LokLF; dh n`f""V ls vki HkkX;oku gSaA vki ,d lqn`<+ xBu ds Lokeh gSaa vkids 'kjhj dk dksbZ vax ;fn iq""V ugha gS rks og vkidk ân; gS ftl ij lc dqN fuHkZj djrk gSA vr% pkyhl o""kZ dh vk;q ds vkl&ikl Lo;a ds izfr lpsr jgsa rFkk Lo;a dks vko';drk ls vf/kd ruko;qDr u djsaA blds mijkUr viuh vk¡[kksa dk fo'ks""k /;ku j[ksaA ,slk ckn ds thou dh vis{kk] 'kq: ds thou essa vf/kd /;ku j[kus dh vko';drk gSaA ;fn vki ml vk;q ls fudy pqds gSa rFkk vkidh n`f""V fcYdqy Bhd gS rks blds i'pkr vki eku ldrs gS fd vc [krjs dh ckr ugha gSA mÙkstd inkFkZ tSls fd 'kjkc vkfn] vki ij fo'ks""k :i ls cqjk izHkko Mkyrs gSa rFkk ;fn bUgsa iwjs iz;kl ls iwjh rjg ls R;kx fn;k tk, rks fu%lUnsg vkidk thou [kq'kgky] lq[kh] vPNk] yEck o mi;ksxh gksxkA",P5D1R11
5,1,12,"There is nothing to cause worry, regarding matters of health. While you cannot claim a perfect constitution, there is no great flaw in it. But, you must take care. The lungs are usually the weakest spot, but the nerves may give trouble, too. You may suffer from headache and migraine. Live, as far as possible, a natural life, get out in the fresh air whenever you can, and be temperate in your food and drink.","tgk¡ rd LokLF; dk  lEcU/k gS] vkidks fpUrk djus dh vko';drk ugha gSA gkykafd vki ,d lqn`<+ xBu ds Lokeh ugha gSa ijUrq blesa dksbZ nks""k ugha gSA ijUrq bldk /;ku vo'; j[ksa fd vkids QsQMs+ vkids 'kjhj dk lcls detksj Hkkx gS rFkk ulsa Hkh d""V ns ldrh gSA vki flj nnZ o ekbZxzsu ls xzflr gks ldrs gSaA tgk¡ rd lEHko gks lds] izkd`frd o lgt thou ;kiu djsa] [kqyh o LoPN gok esa ?kwesa o vius [kku&iku dk fo'ks""k /;ku j[ksaA",P5D1R12
5,1,2,"You put a high price on your comforts. As an outcome of this trait, you are something of a gourmet and enjoy your food. In fact, you do not eat to live but, rather, live to eat. It is not surprising, then, to find that your digestive apparatus will be the portion of your body which will give you the most concern. Do not neglect such ailments as indigestion and when they come, do not try to cure them by means of drugs. Take moderate exercise such as walking and mild physical jerks. Breathe plenty of fresh air, put yourself on a rational diet and eat fruit. However, if it prolongs you must visit a doctor. After fifty years of age, beware of inertia. You will be apt to give up this and that, and grow into an individual who loses his hold on life. Keep up your interest in things, develop your hobbies and remember that nobody can grow old if they mix with younger people than themselves. ","vki vius vkjke ij vf/kd [kpZ djrs gSaA blds dkj.k vki dqN lhek rd [kkus&ihus ds jfld gSa rFkk [kkus dk vkuUn izkIr djrs gSA okLro esa vki thfor jgus ds fy, ugha [kkrs vfirq [kkus ds fy, thfor jgrs gSaA vr% bl ckr dk vk'p;Z ugha gksuk pkfg, fd vkidk ikpu rU= vkids 'kjhj dk ,d ,slk Hkkx gS tks vkids fy, cgqr egRo j[krk gSA vr% vipu tSls jksxksa dh mis{kk u djsaA ;fn vipu ls xzLr gksa rks nokbZ;ksa ls bldk mipkj u djsa A blds fy, gYdk O;k;ke djsa] tSls fd iSny lSj ;k NksVs&NksVs 'kkjhfjd >VdsA LoPN ok;q esa vf/kd ls vf/kd 'okl ysa rFkk [kkus esa vuqdwy oLrq,¡ ysaA Qy vf/kd ysaA fQj Hkh ;fn vipu vf/kd l;e rd jgs] rks fpfdRld ls lykg izkIr djsaA ipkl lky dh vk;q ds i'pkr] tM+rk ls lko/kku jgsaA vki dHkh Hkh] dqN Hkh R;kxus dks rRij jgrs gSa rFkk thou ij viuk fu;U=.k [kks nsrs gSaA phtksa esa viuh :fp c<+k,¡] vknrksa dk fodkl djsa rFkk lnSo ;kn j[ksa fd dksbZ Hkh O;fDr o`) ugha gks ldrk ;fn og gemez yksxksa dh vis{kk vius ls de vk;q ds yksxksa ds lkFk feytqy dj jgsA",P5D1R2
5,1,3,"Above all things, you must avoid overwork and overstrain. You are prone to both and your nature is such that they are particularly harmful to you. Be careful to get sufficient sleep and do not plan things while lying in bed. Try to make your mind a total blank then. If possible, look upon the week-end as a time for complete rest and not one in which to do all the odd things that have been held up during the week. Too much excitement is decidedly bad and a time of hurry and flurry will take more out of you than it will from most people. Therefore, try to live a serene and peaceful life. Do not worry over what cannot be helped. You are apt to suffer from such complains as insomnia, neuralgia, headaches and eye-strain after the age of 30.","lcls c<+dj vkidks pkfg, fd vko';drk ls vf/kd dk;Z o esgur dk R;kx djsaA vki bu nksuksa ls gh 'kh/kz xzLr gks tkrs gSa rFkk vkidh izd`fr ds izfrdwy ;g vkids fy, d""Vnk;h gksrs gSaA bl ckr dk /;ku j[ksa fd vki funzk i;kZIr ek=k esa ysa rFkk lksrs le; dksbZ ;kstuk u cuk,¡A vius efLr""d dks ,dne fjDr j[kus dk iz;Ru djsaA ;fn lEHko gks rks vodk'k ds fnu iw.kZ vkjke izkIr djsaA bl vodk'k ds fnu dk iz;ksx ,sls dk;Z djus esa u djsa ftUgsa vki g¶rs Hkj ls ugha dj ik,A vfirq lEiw.kZ le; dk mi;ksx foJke djus esa djsa A vR;f/kd mÙkstuk fuf'pr :i ls vkids fy, gkfudkjd gSA vusd vU; yksxksa dh vis{kk tYnckth vkids fy, uqDlkunsg fl) gks ldrh gSaA vr% fu'py o 'kkUr thou thus dk iz;Ru djsaA fdlh Hkh ,sls dk;Z ds fy, fpUrk u djsa ftlesa dqN ugha fd;k tk ldrkA rhl o""kZ dh vk;q ds i'pkr vki vfunzk] okr'kwy] fljnnZ rFkk vk¡[kksa esa ,saBu vkfn ls xzLr gks ldrs gSaA",P5D1R3
5,1,4,"It would be misleading to say that you are robust. Nevertheless, there is no reason why you should not live to an advanced age, with care. There are two things to watch over : they are indigestion and rheumatism. Regarding your indigestion, be careful not to hurry over your meals, and eat them in peaceful surroundings. In addition, see that you take them at regular hours. As regards rheumatism, this need not concern you much as long as you guard against damp air, cold winds, wet feet and so on.",";g dguk xyr gksxk fd vki ekaly ;k iq""V gSaA ijUrq ,slk dksbZ dkj.k ugha gSa fd vki vf/kd vk;q rd thfor u jgsaA vipu rFkk xfB, dk /;ku j[ksaA tgk¡ rd vipu dk lEcU/k gS rks [kkuk [kkus esa rhozrk u fn[kk,a rFkk 'kkUr okrkoj.k esa Hkkstu [kk,¡A lkFk gh bl ckr dk Hkh /;ku j[ksa fd Hkkstu fu;fer le; ij gh ysaA tgk¡ rd xfB, dk lEcU/k gS rks vkidks rc rd fpUrk djus dh vko';drk ugha gS tc rd fd vki ue ok;q] B.Mh gokvksa] xhys iSjksa vkfn ls cpko djrs jgsaxsA",P5D1R4
5,1,5,"You have an abundance of vitality. You are robust and not likely to suffer much unless you overtax yourself. Just because you can burn the candle at both ends, you must not think that it is a wise thing to do. Be reasonable with yourself, do not take too much out of the bank of health, and you will have cause for congratulating yourself in later life. Illness, if it does come, usually comes unexpectedly. Really, it has been coming a long while before it manifests itself. A little hard thinking will show that you plainly asked for the trouble. No doubt, it was something you could have avoided. Your eyes are your weak point so take care of your eyes. You may suffer from some kind of eye disease after the age of 35.","vki thou 'kfDr ls Hkjiwj gSaA vki ekaly o iq""V gSa rFkk rc rd fdlh d""V dk f'kdkj ugha gks ldrs tc rd fd vki Lo;a dks vko';drk ls vf/kd ifjJe djok ds Fkdk u ysaA D;ksafd vki vR;f/kd O;; dj ldrs gSa vr% ,slk u lkspsa fd ;g cqf)ekuh gSA Lo;a ds lkFk mfpr o ;qfDr;qqDr jfg, rFkk vius vPNs LokLF; dk mi;ksx vR;f/kd Fkdkus okys dk;ksZa esa u djsaA blls vki ds ckn dk thou vkSj Hkh lq[ke; gksxkA chekjh ;fn vkrh gS rks vkdfLed gh vkrh gSA ijUrq okLro esa Li""V fn[kkbZ nsus ls cgqr igys gh ;g vUnj gh vUnj ?kj dj ysrh gSA dqN l[rh ls lkspus ls vkidks Kkr gksxk fd eqlhcrksa dks vki Lo;a gh vkeU=r nsrs gSaA fu%lUnsg vki viuh eqlhcrks dks Vky ldrs FksA vkidh vk¡[ks vkids 'kjhj dk detksj Hkkx gS vr% budk fo'ks""k /;ku j[ksaA 35 o""kZ dh vk;q ds i'pkr vki fdlh izdkj ds us= jksx ls xzLr gks ldrs gSaA",P5D1R5
5,1,6,"While you are not actually robust, there are few reasons, however, why you should be concerned about your health. Your chief ailments will be more imaginary than real. Nevertheless, they will cause you a certain amount of unnecessary anxiety. You look into yourself too much and wonder why this or that has happened, when, in reality, it is nothing worth thinking twice about. You are apt to read medical books, and your imaginations manufacture the symptoms of dread diseases. You may suffer from throat troubles at some time or other. Avoid drugs, except those prescribed by a doctor. Lead a natural life, have plenty of sleep, take sufficient exercise and eat sensibly.","gkykafd okLro esa vki ekaly ugha gSa ijUrq vU; Hkh dbZ dkj.k gSa fd vkidks vius LokLF; dk /;ku j[kuk pkfg,A okLro esa vkids jksx okLrfod de] dkYifud vf/kd gksrs gSaA ;s jksx vkidh mÙkstuk dks vuko';d gh c<+krs gSaA vki Lo;a ds Hkhrj vR;kf/kd ns[krs gSa rFkk ;g lksp dj vk'p;Zpfdr jgrs gSa fd ;s lc D;ksa gksrk gS tcfd okLrfodrk ;g gS fd bu fo""k;ksa ij vko';drk ls vf/kd lkspus dh t:jr ugha gSaA vki fpfdRlk lEcU/kh fdrkcsa i<+us esa ;ksX; gSa rFkk viuh dYiukvksa esa Hk;adj chekjh ds y{k.k mRiUu dj ysrs gs vki dHkh u dHkh xys dh fdlh ijs'kkuh ls xzLr gks ldrs gSa fpfdRld }kjk lq>kfor nokbZ;ksa ds vfrfjDr vU; nokbZ;k¡ u ysaA izkd`frd o lgt thou th,¡] i;kZIr funzk ysa] O;k;ke djsa rFkk cqf)ekuh ls [kkuk [kk,¡A",P5D1R6
5,1,7,"You are well favoured as far as your constitutions are concerned. But you are liable to suffer from nervous disorders and indigestion. The first is the direct outcome of your highly sensitive nature. You become exhausted more quickly than the average person and the life you enjoy does not help in the matter. Digestive troubles result from self-indulgence. Too much is eaten. What is eaten is too rich and very often, it is eaten too late in the day. There is a tendency to corpulence in later life.","tgk¡ rd vkids 'kkjhfjd xBu dk lEcU/k gSa] ;g loZFkk vkids vuqdwy gSA vki ukM+h&e.My esa xM+cM+h o vikpu ls ijs'kku jgsaxsA bldk izFke o lh/kk ifj.kke vkidh vR;kf/kd Hkkoqd izo`fr gSaA vki ,d lkekU; O;fDr ls vf/kd o 'kh/kzrk ls Fkd tkrs gSa vr% vkidk vkufUnr thou Hkh mlesa enn ugha djrkA ikpu lEcU/kh ijs'kkfu;k¡ vkidh vknrksa ds dkj.k gh gksrh gSA vki vR;f/kd [kkrs gSaA vki Hkjiwj [kkrs gSa rFkk fnu esa nsj ls [kkrs gSaA ckn ds o""kksZa esa vki dqN eksVs gks ldrs gSaA",P5D1R7
5,1,8,"You have a strong constitution, but are apt to overtax it with work and play. Everything you do, you do strenuously, so that the life you lead takes too much out of you. Be calmer in your actions, be more deliberate, take a few minutes longer over walking and eating in your meals. Never cut down the hours of sleep, and avoid working overtime as much as possible. Take as long holidays as you can and plan them to be restful. It is your heart that will be the first organ to trouble you should illness come. If it is overtaxed it will rebel against your method of life, but it will do so mildly on the first occasion. Take warning of the very first signs of trouble, for the next occasion will be more serious.","vki ,d etcwr xBu ds Lokeh gSa ijUrq vf/kd dk;Z o [kssydwn ls vki bls vko';drk ls vf/kd Fkdk nsrs gSaA vki tks Hkh djrs gSa cgqr esgur o ruko ls djrs gSa ftlls vkids thou dk àkl gksrk jgrk gSA lksus ds le; esa deh u djsa rFkk tgk¡ rd lEHko gks lds fuf'pr le; ls vf/kd dk;Z u djsaA vki vf/kd ls vf/kd Nqfê;k¡ ysus dk iz;Ru djsa rFkk mUgsa foJke djus esa O;rhr djsaA vkidk ân; vkids 'kjhj dk ,slk vax gS tks vkidks lcls igys ijs'kku djsxkA ijUrq ;fn vki bls vko';drk ls vf/kd Fkdk,¡xs rks ;g vkids thou fu;eksa ds fo:) gks ldrk gSA ijUrq vkjEHk esa dqN de ijs'kkfu;k¡ gksxhA jksx ds vkjfEHkd y{k.kksa esa gh lpsr gks tk,a vU;Fkk ckn esa ;s xEHkhj :i xzg.k dj ldrk gSA",P5D1R8
5,1,9,"You have a good constitution. You possess a considerable amount of vitality and it will be preserved well into old age, if you take plenty of outdoor exercise. But, this can be easily overdone. Should you exceed a reasonable amount, trouble will manifest itself in the breathing apparatus and will lead to bronchial diseases. You are liable to attacks of sciatica and rheumatism after 45 years of age. It will be difficult to assign a reason for these attacks, but manifestly they are due to exposing yourself too frequently to the night air.","vki ,d vPNs xBu ds Lokeh gSaA vkiesa i;kZIr ek=k esa thou 'kfDr mifLFkr gS rFkk o`)koLFkk esa Hkh ,slh gh fLFkfr jgsxh ;fn vki i;kZIr ek=k esa ?kj ls ckgj O;k;ke djsaxsA ijUrq ;g vklkuh ls vko';drk ls vf/kd gks ldrk gSA ;fn vki vko';drk ls vf/kd ek=k esa O;k;ke djus dk iz;Ru djsaxs rks vkidks ijs'kkuh dk lkeuk djuk iM+ ldrk gS rFkk 'okl rU= esa ijs'kkuh mRiUu gksdj QsQMs+ ds jksx ls xzLr gks ldrs gSaA 45 o""kZ dh vk;q ds i'pkr vkids dwYgs vFkok ?kqVus ij xfB;k] rFkk vki xfB;k jksx dk f'kdkj gks ldrs gSaA bu jksxksa ds Bhd dkj.kksa dk irk yxkuk rks dfBu gS ijUrq ;g jkr dh ok;q esa vR;kf/kd [kqyk ?kweus ds dkj.k gks ldrs gSA",P5D1R9
6,1,1,"In financial matters, you would have weight and authority. You will be successful in carrying out your plans if not hampered by partners. So, as far as possible, avoid partnership businesses. You have to work very hard against many disadvantages during your early years. In spite of this, you may expect to gain a considerable amount of financial success, also position and prominence due to your own superior mentality, not dependent on what is called luck or chance. It would be best for you to work out your plans alone. You are likely at times to strike some odd inventions that will be lucky for you, and you will be liable to make money in peculiar way off the beaten tract.","vkfFkZd ekeyksa esa vki ewY; o nwljksa ij 'kklu izkIr djsaxsA ;fn vkids lkfFk;ksa }kjk vojks/k mRiUu u fd;k tk, rks vki viuh ;kstukvksa dks lQyrkiwoZd fØ;kfUor dj ldrs gSaA tgk¡ rd gks lds O;kikj esa lk>snkjh dk R;kx djsaA thou ds vkjfEHkd o""kksZa esa dqN vlqfo/kkvksa o gkfu;ksa ds fo:) vkidks dM+k ifjJe djuk iMs+xkA ijUrq bl lc ds ckotwn] vki i;kZIr vfFkZd lQyrk izkIr djsaxsA vkidh Lo;a dh Js""B ckSf)drk ds dkj.k vki mPp in o fLFkjrk izkIr djsaxsA vkidh miyfC/k vkids HkkX; ;k volj ij fuHkZj ugha gksxhA ;fn vki viuh ;kstukvksa dks vdsys gh fØ;kfUor djsa rks ;g vkids fy, 'kqHk gksaxh rFkk bl izdkj vki /ku Hkh izkIr dj ldrs gSaA",P6D1R1
6,1,10,"You will have great ability in making money in all forms of industry, business organisation or in the employment of others. You will always see a way out of any difficulty and be self-reliant and determined in whatever course of action you may decide to follow. You will be a speculator on a large scale in all you undertake. You will treat life more as a game than from a serious standpoint. As a general rule, luck will favour you during the greater part of your life. In relation to finance you need have nothing to fear. Once the early part of your life is over, you will begin to reap forward for the foundation you have laid and from that point you are likely to accumulate wealth and position.","vki fdlh Hkh izdkj ds O;olk;] O;kikfjd laxBuksa rFkk ukSdjh vkfn esa /ku dekus o ,d= djus dh iw.kZ ;ksX;rk j[krs gSaA vki fdlh Hkh eqlhcr ls fudyus dk jkLrk cuk ldrs gSaA vki vkRe fuHkZj gSa rFkk ftl dk;Z dks djus ds fy, ,d ckj fu'p; dj ysrs gSa] ml ij n`<+rk ls fVds jgrs gSaA vki vius izR;sd dk;Z esa] mPp iSekus ij Ø;&foØ; djsaxsA vki thou dks xEHkhjrk ls thus dh vis{kk] bls ,d [ksy ds rqY; galh esa ysrs gSA lk/kkj.k fu;ekuqlkj] vkids thou ds vf/kdrj Hkkx esa HkkX; vkids vuqdwy gksxkA vkfFkZd lEcU/k esa vkidks Hk; djus dh fcYdqy vko';drk ugha gSA thou dk vkjfEHkd Hkkx lekIr gksus ij vki vius mu lHkh dk;ksZa dk Qy izkIr djuk vkjEHk djsaxs ftudh uhao vkius j[kh FkhA bl izdkj vki /ku rFkk in ,d= djsaxsA",P6D1R10
6,1,11,"You will be lucky in money matters, but inclined to indulge in luxury and an extravagant style of living. You will be prone to take great risks in speculation or in attempting to do business on too large a scale, but speaking generally, you are expected to be very successful. Possibly, you will become an industrialist. In all questions of money, you will be more likely to lucky than otherwise, to have many presents given to you and properties or legacies left to you. You will be lucky with your opposite sex. You will be likely to gain money by marriage or create it by power of your own mentality. But, one thing is sure, that you will become a rich person.","vki vkfFkZd fo""k;ksa esa HkkX;oku gksaxs ijUrq vki Lo;a dks ,s'o;Ziw.kZ rFkk viO;;h thou dh vksj >qdk ysxsaA vki Ø;&foØ; esa cMs+&cMs+ ladV ysus rFkk cMs+ iSekus ij O;kikj djus ds fy, iz;Ru djsaxs] lk/kkj.kr% vkids lQy gksus dh vk'kk vR;kf/kd gSA lEHkor% vki ,d m|ksxh cusaxsA vkfFkZd fo""k;ksa esa vki fo'ks""k :i ls HkkX;oku gksaxs D;ksafd yksxksa ds }kjk vkidks vusd migkj fn;s tk,axs] rFkk vkidks /ku&lEink rFkk iSr`d lEifr Hkh izkIr gksxhA vius foijhr fyax ds lkFk vki cgqr HkkX;oku gksaxsA ,slh lEHkkouk gS fd vki fookg ls /ku izkIr djsaxs vFkok viuh ekufld {kerk ls /ku mRiUu djsaxsA ijUrq ,d ckr fuf'pr gS fd vki cgqr /kuoku O;fDr cusaxsA",P6D1R11
6,1,12,"Financial conditions will be very contradictory for you. You will have runs of luck to be followed by equal periods of reverses when nothing will appear to go right. You should avoid speculation and gambles of all kinds and hold your inclination for extravagance well in check. You also come under peculiar and other uncertain conditions in the matter of finance. You may gain money in fits and starts, but you will not be likely to keep it. Your ideas are liable to be too advanced for the generation, you will live in. You will have a desire for indulging in speculation, but as a rule, you will be disposed to back the underdog. Your best chances in relation to the new ideas are, such as electric inventions, wireless, radio, T.V., cinemas and unusual building or construction work, also in literature or highly imaginable creations.","vkfFkZd ifjfLFkfr;k¡ vkids izfrdwy gksaxhA vkids thou esa lkSHkkX; ds lkFk&2 nqHkkZX; dh le;kof/k Hkh ,d gh ek=k esa gksxh tcfd vkidks dqN Hkh Bhd izdkj ls gksrk gqvk fn[kkbZ ugha nsxkA  vkidks izR;sd rjg dk Ø;&foØ; rFkk tq, dk R;kx djuk pkfg, rFkk viuh viO;;h izo`fÙk ij dkcw j[kuk pkfg,A vkfFkZd fo""k;ksa esa vkidks vusd foy{k.k rFkk vfuf'pr ifjfLFkfr;ksa dk lkeuk djuk iMsxkA vkidsk /ku >Vdksa esa izkIr gksxk ijUrq vki mls lEHkky dj ugha j[ksaxsA ftl ih<+h esa vki jgrs gSa] mlds fy, vkids fopkj cgqr mUur gksaxsA vkidh bPNkuqlkj vki Ø;&foØ; esa Lo;a dks laayXu djuk pkgsaxs ijUrq fu;ekuqlkj vkidks iqu% fuEu in ij vklhu dj fn;k tk,xkA u, fopkjksa ds lEcU/k esa vkids fy, Js""B volj fctyh lEcU/kh [kkstksa] csrkj] jsfM;ks] Vsfyfotu] pyfp= rFkk vlk/kkj.k bekjrsa] lkfgR; ;k vR;kf/kd dkYifud l`tukRed dk;kZsa esa vf/kd gSaA",P6D1R12
6,1,2,"In matters of finance you will be fortunate and will be likely to acquire considerable wealth. You will be careful in speculation, investing your money in solid concerns and in building up industry and business. As a rule, you will be more lucky in money matters than otherwise, having much given to you and meeting great opportunities. If you had to go into business you would make a success of enterprises connected with the luxurious side of life more than any other, such things as the decorations of homes, millinery, dresses and flower shops, the catering of food, restaurants or hotels. Your class of brain is of a very clever order but so quick and versatile that you would tired easily of any routine or monotonous life.","vkfFkZd ekeyksa esa vki HkkX;oku gSa rFkk vki vR;kf/kd /ku] lEink izkIr dj ldrs gSaaA vki Ø;&foØ; esa vR;Ur lko/kku jgasxs rFkk viuk /ku etcwr dk;ksZa esa yxk,¡xsA blds lkFk gh vki /ku dk iz;ksx dksbZ cM+k O;kikj djus rFkk dkj[kkuk vkfn cukus esa djsaxsA fu;ekuqlkj] vki vkfFkZd ekeyksa esa cgqr HkkX;oku gksaxs D;ksafd vkidks vf/kd /ku fn;k tk,xk rFkk vusd volj izkIr gksaxsA ;fn vki O;kikj {ks= esa tkuk pkgrs gSa rks vki ,sls O;olk; esa vf/kd lQy gksaxs tks vU; oLrqvksa dh vis{kk thou ds ,s'o;Z ls tqM+h gSa tSls fd /kj dks ltkus dh oLrq,¡] vkSjrksa dh Vksfi;k¡] diMs rFkk Qwyksa dh nqdku] Hkkstu dk izcU/ku {ks=] jsLVksjsaV ;k gksVy vkfnA vkidk efLr""d prqj Js.kh esa vkrk gS ijUrq ;g bruh 'kh/kzrk okyk rFkk papy gS fd fu;ec) o cksj thou ls 'kh/kzrk ls Fkd tkrk gSA",P6D1R2
6,1,3,"You will have many ups and downs in money matters, but chiefly owing to your own rashness and in attempting enterprises beyond your power of execution. You would make a successful company promoter, preacher, orator or organiser. You will always have the ability to make money but at the same time you are likely to make bitter enemies in the course of your business. You will be under good conditions for making money in business, industry or enterprise, and you will have many opportunities of amassing wealth if you keep control over your strong-willed disposition, which at times will be inclined to wreck your good fortune by causing expensive litigation and powerful enemies to rise in your path. So, you should try to develop tact in the handling of individuals and avoiding disputes.","viuh mf}Xurk rFkk ,sls dk;Z djus ds dkj.k tks vkidh 'kfDr ls ckgj gS] vkidks vkfFkZd ekeyksa esa vusd mrkj&p<+koksa dk lkeuk djuk iMs+xkA vki ,d lQy lHkk izorZd] mins'kd] lqoDrk rFkk izcU/kd cu ldrs gSaA vki /ku lEink cukus esa l{e gSa ijUrq lkFk gh vki O;kikj esa /kksj 'k=q Hkh cuk ldrs gSaA O;kikj ;k O;olk; ds fy, vki vPNh ifjfLFfr;k¡ izkIr djsaxs rFkk vR;f/kd /ku&lEink izkIr djus ds fy, vkidks vusd volj izkIr gksxsaA ijUrq ,slk rHkh gksxk ;fn vki vius etcwr bPNk okys LoHkko ij fu;U=.k j[ksxsa] ,slk u djus ls vki vius lkSHkkX; dks u""V djrs gS D;ksafd blls vki eqdnes ckth esa vR;f/kd O;; djrs gSa rFkk /kksj 'k=qvksa dks tUe nsrs gSaA rFkk vki dks bl ckr dk iz;Ru djuk pkfg, fd vki O;fDr;ksa dks lw>&cw> o rdZ ls izcfU/kr djsa o >xMksa dk R;kx djsaA",P6D1R3
6,1,4,"In matter concerning money you will be prudent and cautious and in small things may get a reputation for being close-fisted (don't want to spend money). You will be rather inclined to be over-anxious about the future and for this reason you will endeavour to make good provision for your advanced years. If a businessman, you will be likely to retire early in life from active work. You will have remarkable vision as to the stocks, shares and industry. You will be strongly inclined to speculate in shares. You are likely to be successful in such things if you can follow your own ideas and intuition. If you depend upon other's advise or on rumours, it will be disastrous for you.","vkfFkZd ekeyksa esa vki cgqr cqf)eku rFkk lpsr jgsaxsA dqN NksVh&2 phtksa ls vkids fo""k; esa ,slh /kkj.kk cu ldrh gS fd vki dHkh /ku O;; ugha djuk pkgrsA vki vius Hkfo""; ds izfr vR;f/kd mf}Xu jgrs gSa vr% vkus okys o""kksZa ds fy, vPNs mik; o fu;e cukus dk iz;Ru djrs gSaA ;fn vki ,d O;kikjh gSa rks vki m/keh dk;Z ls tYnh gh vodk'k izkIr dj ysxsaA vki Hk.Mkj.k] 'ks;j rFkk O;kikj vkfn ds fy, /;ku nsus ;ksX; nwjn`f""V j[krs gSA vki 'ks;jksa ds Ø;&foØ; esa vf/kd /;ku nsaxsA vki ,sls {ks=ksa esa lQy gks ldrs gSa ;fn vki vius fopkjksa o vUrZKku ds vuqlkj dk;Z djsaA ;fn vki nwljksa ds lq>koksa ;k vQokgksa ij fuHkZj djsaxs rks ;g vkids fy, cgqr uk'kd gksxkA",P6D1R4
6,1,5,"In matters relating to financial prospects you will be largely the arbitrator of your own destiny. The success of your work will come first in every way. If you belong to the higher plane which your natural gifts entitle you to occupy, you will always find the wealth and gain high position, but in such things you will never be satisfied. You always crave for the something just beyond your means. You will be most generous in money matters and inclined to reduce your reserves by giving to benevolent institutions and helping your relatives.","tgk¡ rd vkfFkZd fo""k;ksa dk lEcU/k gS] vki vius HkkX; ds fu/kkZj.kdÙkkZ Lo;a gksaxsA vkidks izR;sd dk;Z esa lQyrk 'kh/kzrk ls feysxhA ;fn vki fdlh mPp ry ls lEcU/k j[krs gSa] tks fd vkids izkd`frd migkjksa ds dkj.k vkidks izkIr gksuk pkfg,] vki ik,¡xsa fd /ku lEink rFkk mPp in vkidks vo'; izkIr gksaxsA ijUrq ,slh oLrqvksa ls vkidks lUrqf""V izkIr ugha gksrhA vki lnSo ,slh oLrqvksa ds fy, ykykf;r jgrs gSa tks vkidh igq¡p ls ckgj gSA vki vkfFkZd fo""k;ksa esa cgqr lH; o n;kyq gksaxs rFkk ijksidkjh laLFkkvksa o lEcfU/k;ksa dks /ku nsdj vkius /ku dks de djsaxsA",P6D1R5
6,1,6,"In matters of money, you will be lucky during the early years of your life, but due to your own extravagance and lack of provision for the future, there will be grave danger of your finding yourself in an impoverished condition long before the end of your days. You cannot be too prudent in the matter of finance. You will not be really fitted for money grubbling in any of its forms. You belong more to the mental, intellectual plane and will care little about wealth if you can only have enough for your immediate wants. You belong to the hopeful class of individuals who are rather inclined to live in dreams.","thou ds vkjfEHkd o""kksZa esa vkfFkZd fo""k;ksa esa vki HkkX;oku jgsaxsA ijUrq vko';drk ls vf/kd O;; djus o Hkfo""; ds fy, fu;eksa dk Bhd&2 fu/kkZj.k u djus ds dkj.k] thou ds vfUre fnuksa ls cgqr igys gh vkids nfjnz gksus dk [krjk cgqr vf/kd gSA /ku ds fo""k; esa vki cgqr vf/kd prqj ugha gSA vki fdlh Hkh izdkj ls /ku ds fy, ladV ysus ds ;ksX; o vuqdwy ugha gSA vki ekufld rFkk ckSf)d ry dks vf/kd egRo nsrs gSa rFkk ;fn vkids ikl vkidh rkRdkfyd vko';drkvksa dh iwfrZ ds fy, i;kZIr /ku gS rks vki /ku&lEink ds fo""k; esa cgqr de /;ku nsrs gSaA vki vk'kkoknh yksxksa ds ,sls oxZ ls lEcU/k j[krs gSa tks oLrqr% liuksa esa vf/kd jgrs gSaA",P6D1R6
6,1,7,"In matter of finance, you need have nothing to fear. Great opportunities will come across your path. Out of nothing you could create much, your only danger being that of undermining your resources by going in for large schemes of a speculative nature. You will be a puzzle to your friends as well as to yourself in question of finance. You will employ money, you make in odd and unusual ways. As a general rule, you will be lucky in making money and in the accumulation of possessions, especially in connection with land, houses or estate property business if you make up your mind to go in for such things. ","vFkZ ls lEcfU/kr fo""k;ksa esa vkidks Hk; djus dh vko';drk ugha gSA vkidks iFk esa vusd volj izkIr gksaxsA cgqr de lk/kuksa ls Hkh vki cgqr dqN mRiUu dj ldrs gSA ;fn vki vius lhfer lk/kuksa dk iz;ksx Ø;&foØ; ds fy, cM+h&2 ;kstukvksa dks cukus esa djsaxs rks ;g vkids fy, [krjukd gks ldrk gSA vkfFkZd iz'uksa esa vki Lo;a ds fy, rFkk vius fe=ksa ds fy, ,d igsyh gksaxsA /ku] tks vki vlk/kkj.k rjhds ls dekrs gSa] mldk fu/kkZj.k djsaxsA fu;ekuqlkj vki /ku ,d= djus rFkk oLrq,¡ ,d= djus] [kkldj Äj] tehu tk;nkn] vpy Hkw lEifÙk dk O;olk; vkfn esa HkkX;oku fl) gksaxs ;fn vkius bUgsa izkIr djus ds fy, n`<+rk ls lksp&fopkj dj fu.kZ; dj fy;k gSSA",P6D1R7
6,1,8,"The question of finance will be a very peculiar one for you. There will always be a likelihood of considerable uncertainty and fluctuation in money matters, but you will at times make large sums of money by your inventive ideas. You will be inclined to live in a land of dreams and illusions and meet many disappointments. You should avoid all speculations and gambling of every kind. In money matters for you, the unexpected is more likely to happen than the expected. Original ideas and plans will be born in your mind not inclined to fit in with other people's views. You will make money by unusual methods, you could become an inventor or an unconventional professional. In many ways, in inventions or businesses connected with risk or chance, you will be lucky. You will have clever original ideas as to how things should be done but as you are not likely to get on easily with partners, you are liable to see many of your excellent plans come to nothing.","vkids fy, vkfFkZd iz'ku fo'ks""k egRoiw.kZ gSA vkfFkZd fo""k;ksa esa lnSo vfuf'prrk rFkk vfLFkjrk ¼?kVrk&c<+rk½ cuh jgsxh ijUrq viuh [kkstiw.kZ lksp o fopkjksa ls vki cM+h ek=k esa /ku ,d= dj ldrs gSaA vkidk >qdko liuksa rFkk Hkzeksa esa jgus dh vksj vf/kd gksxk vr% vkidks vusd fujk'kkvksa dk lkeuk djuk iMs+xkA vkidks lHkh izdkj dk Ø;&foØ; rFkk tq, dk R;kx djuk pkfg,A vkfFkZr fo""k;ksa esa vkidh vkdka{kk ds foifjr ,slk gksus dh lEHkkouk,¡ vf/kd gksaxh ftldh vki vk'kk ugha djrsA vkids Lo;a ds fopkj rFkk ;kstuk,¡ vkids efLr""d esa mRiUu gksaxh tks vU; yksxksa ds fopkjksa ds vuq:i ugha gksaxhA vki vlkekU; rjhds ls /ku ,d= djsaxsA vki ,d vfo""dkjd vFkok vykSfdd O;olk;h cu ldrs gSaA  ,slh [kkst ;k O;kikj ftlesa lQyrk ladV ysus ;k voljksa ij fuHkZj djrh gS] vki dbZ izdkj ls HkkX;oku gksaxsA dksbZ pht djus ds fy, vkids ikl vkids Lo;a ds prqj fopkj o rjhds fo|eku gSa ijUrq vki vius lk>snkjksa ds lkFk vklkuh ls dk;Z ugha dj ldrs] vr% vkidh vusd loZJs""B ;kstuk,¡ fujFkZd gks ldrh gSaA",P6D1R8
6,1,9,"You are not likely to be lucky with partners in business. You will be more likely to be architect of your own fortune than receive much help from others. But there is no reason for you not to eventually succeed and even become wealthy. In matter of finance, your quick-witted clever brain will give you great opportunities. At times your are likely to be very rich and at other times the reverse. When you have money you will be extravagant, when without it you can adapt yourself to the lowliest sphere. In fact, the greatest danger is that you are by nature too adoptable to others as well as to conditions. If you made the effort to hold your nature in check, you would easily become a success in whatever enterprise, industry or work you became associated with.","O;kikj esa vius lk>snkjksa ds lkFk vkids HkkX;oku gksus esa lUnsg gSaA nwljs yksxksa ls lgk;rk ysdj dk;Z djus dh vis{kk vki viuk HkkX; Lo;a cuk,¡xsA ijUrq ,slk dksbZ dkj.k ugha gS fd vUrr% vki lQy u gksa rFkk /kuh u cusaA vkfFkZd ekeyksa esa rhoz o prqj rdZoku efLr""d vkidks vusd egku volj iznku djsxkA dHkh&2 vki cgqr /kuh gksaxs rFkk dHkh blds foifjr fu/kZuA tc vkids ikl /ku gksrk gS rks viO;;h cu tkrs gSa rFkk tc ugha gksrk rks Lo;a dks de ls de [kpZ djus ds vuq:i <+ky ysrs gSaA okLro esa vkids fy, lcls cM+k [krjk ;g gS fd LoHkko ls vki Lo;a dks fLFkfr;ksa rFkk vU; yksxksa ds lqiwnZ dj nssrs gSaA ;fn vki vius LoHkko dk ifj{k.k dj ml ij dkcw j[kus dk iz;Ru djsa rks vki fdlh Hkh dk;Z] O;olk; ;k O;kikj vkfn easa vklkuh ls lQyrk izkIr dj ldrs gSaA",P6D1R9
7,1,1,"You will not be happy in any occupation that is humdrum and safe. As long as every day brings its fresh set of problems to be solved and surmounted, you will be satisfied. But anything with a spice of danger or intrepidity in it will please you even more. Some examples of this type of profession are : surgeon, construction engineer, top management posts. A surgeon would appeal to you because people's lives and your own reputation depend upon your actions. A construction engineer has to overcome exceptional difficulties in building, say, a mighty bridge. What we meant to say is that any job which require very high caliber and have some spice of danger is suitable for you.","vki fdlh Hkh ,sls {ks= esa [kq'kh izkIr ugha djsxsa tks uhjl gSA tc rd izR;sd u;k fnu] gy djus ds fy, dksbZ ubZ eqlhcr ykrk jgsxk] vki lUrq""V jgsaxsA ijUrq dksbZ Hkh ,slh oLrq tks [krjs rFkk 'kwjohjrk ds :i esa vkids lkeus vkrh gS] vkidks vkSj Hkh vf/kd izlUu djrh gSA bl izdkj ds O;olk; ds dqN mnkgj.k gSa & 'kY; fpfdRld] ;U=dkj ;k vfHk;Urk] mPp izcU/ku in vkfnA ,d 'kY; fpfdRld vkidks vkdf""kZr djrk gS D;ksafd yksxksa ds thou o vkidh Lo;a dh lkekftd fLFkfr o dhfrZ vkidh fØ;kvksa ij fuHkZj djrh gSA ,d jpukdkj vfHk;Urk fuekZ.k djus esa vf}rh; dfBukb;ksa dks gy djrk gS tSls fd cgqr cM+k iqy cukus esaA gekjs dgus dk vFkZ ;g gS fd dksbZ Hkh ,slk is'kk ftlesa mPp dksfV dh ;ksX;rk pkfg, rFkk tks dqN [krjukd gS] vkids fy, loZFkk mi;qDr gksxkA",P7D1R1
7,1,10,"Being methodical and careful about details, you are well-fitted for such work as is afforded by the Civil Service. You would do well in a bank and in many respects, you have the painstaking qualities required for the scholastic profession. In businesses, where success depends on rigid routine, you ought to be happy, and all the posts which fall to people who can plod their way through examinations should be within your grasp. You can be an excellent film director. But, you should not go for actor because it does not fit to your temperament.",",d O;ofLFkr o fooj.k ds izfr lko/kku O;fDr gksus ds dkj.k vki ,sls dk;ksZa ds fy, vuqdwy gSa tks 'kfDr o esgur ls izkIr fd, tk ldrs gSaA vki cSad esa vPNk dk;Z djsaxs rFkk vusd rRoksa ls Kkr gksrk gS fd vki esa ifjJe djus ds xq.k gSa tks fd fo/kkfo""k;d O;olk;ksa ds fy, vko';d gksrs gSaA O;olk; esa tgk¡ ij lQyrk l[r fu;eksa ij fuHkZj djrh gS] vki izlUu jgsaxs rFkk ,sls lHkh in ftUgsa izkIr djus ds fy, yksxksa dks esgur ls ijh{kk mÙkh.kZ djuh iM+rh gS] vki vklkuh ls viuh 'kfDr o esgur ls izkIr dj ldrs gSaA vki ,d Js""B pyfp= fnXn'kZu cu lds gSaA ijUrq vkidks uk;d cuus dk iz;Ru ugha djuk pkfg, D;ksafd ;g vkids O;fDrRo ls esy ugha [kkrkA",P7D1R10
7,1,11,"There are many remunerative occupations which might engage your energies profitably. Your aptitude for making plans fits you for a whole host of businesses and trades where originality counts and this applies just as much to women as to men. Trained in another direction, the same quality would help in organising. Thus, your are eminently fitted for directing the details of large commercial concerns. What you should avoid are all those jobs which are the same year in, year out, and where one day's work is merely a repetition of another. Routine jobs are not for you.",",sls vusd ifjrksf""kd O;olk; gSa ftuesa vkidh 'kfDr o ÅtkZ ykHknk;d :i esa layXu gks ldrh gSA ;kstuk,¡ cukus dh vkidh {kerk vkidks O;kikj rFkk m/kksxksa ds ekfyd ds :i esa ;ksX; cukrh gS] tgka ij LoHkkfodrk ewY;oku gSA ;g rRo iq:""kksa o fL=;ksa nksuksa ds fy, leku gSaA nwljh fn'kk essa] ;gh xq.k O;oLFkk djus esa ykHknk;d fl) gksxkA vr% vki cMs&cMs O;olkf;d lEcU/kksa ds fooj.kksa dks fn'kk funsZ'k djus ds fy, loZFkk vuqdwy gSaA vkidks ,sls dk;ksZa dk R;kx djuk pkfg, tks ckjg ekg ,d tSls gh jgrs gSa rFkk izR;sd u, fnu dk dk;Z fiNys fnu ds dk;Z dk nksgjko gksrk gSA fu;ec) dk;Z vkids vuqdwy ugha gSaA",P7D1R11
7,1,12,"Your desire for benefiting mankind and alleviating suffering will find ample scope in the medical profession or in nursing (if you are a woman). In either of these cases, you would be able to live up to your ambitions and do really good and useful work in the world. Failing the possibility of entering these professions, there are still opportunities that will agree with your temperament. As a teacher, you could perform really excellent service. You would fulfill the duties of a manager of supervisor of a large staff with courage and kindness, and people would submit to your orders willingly, knowing that they could always count on you as a friend. In quite another field you may safely rely on earning a good living. It is in the literary and artistic expression, and these single you out for an author's life. You can become an excellent actor also whether for T.V. or for films. If you take up this kind of profession, it would not be surprising that you would spend your time and money in furthering some humanitarian work.","ekuork ds ykHk ds fy, dk;Z djus rFkk yksxksa ds nq%[kksa dks u""V djus dh bPNk vkids fy, fpfdRlk lEcU/kh O;olk;ksa dks viukus ds vusd }kj [kksyrh gSA ;fn vki ,d L=h gSa rks ulZ dk O;olk; vkids vuqdwy gksxkA bu nksuksa esa ls fdlh Hkh dk;Z {ks= esa vki gksa] vki vius y{;ksa ds lkFk vkxs c<+rs gq, lalkj esa vPNk o lnqi;ksxh dk;Z gh djsaxsA ;fn bu O;olk;ksa esa tkus ls vki foQy Hkh jgrs gSa rc Hkh vusd vU; volj o fLFkfr;k¡ gSa tks vkids O;fDrRo o LoHkko ds vuqdqy gksxhaA ,d v/;kid ds :i esa vki Js""B lsok iznku dj ldrs gSaA vki vf/kdkfj;ksa ds ,d cMs+ lewg esa izcU/kdrkZ ;k fujh{kd ds :i esa viuh ftEesnkjh;ksa dks lkgl ;k n;kyqrk ls iwjk djsaxsA yksx vkids funsZ'kksa dks LosPNk ls Lohdkj djsaxs D;ksafd og tkurs gSa fd vki muds fe= ds leku gSaA fdlh fcYdqy nwljs {sk= esa vki ,d vPNh vkthfodk dek ldrs gSaA ;g lkfgfR;d o dykRed Hkkoksa esa gksxh tks feydj vkidks  ys[kd ds thou ds :i esa ;ksX; cukrs gSaA vki Vsfyfotu ;k pyfp= ds fy, Js""V dykdkj Hkh cu ldrs gSaA ;fn vki bl izdkj dk O;olk; pqurs gSa rks blesa vk'p;Z ugha gksxk fd vki vius /ku o le; dk ,d cM+k Hkkx ekuork dh HkykbZ ds dk;ksZa esa yxk,¡A",P7D1R12
7,1,2,"Almost any work that requires steady, intelligent plodding will give you satisfaction, especially in middle life or later. Your judgement is sound and you are thorough in all you do. You want to be left in peace and quiet to get on with your duties. You resent being hurried. Your methodical nature fits you or being placed in authority over others and, as you are placid and  not fiery-tempered, you will secure the loyalty of those you have to direct. You possess a head for finance, which suggest that you would do well in the banking word, in the office of a finance company or a stock-broker. But most office work should suit to your temperament.","dksbZ Hkh ,slk dk;Z ftlesa fLFkj o fujUrj ckSf)d ifjJe dh vko';drk gS] vkidks lUrks""k iznku djrk gS fo'ks""kdj e/; vFkok ckn ds thou esaA vkids fu.kZ; Bhd gksrs gSa rFkk vki tks Hkh djrs gSa mls iwjh yxu o xaHkhjrk ls djrs gSaA viuh ftEesnkfj;ksa dks iwjk djus ds fy, vki 'kkfUriwoZd jguk ilan djrs gSA vki mrkoys gksus dk R;kx djrs gSA vkidh O;ofLFkr izo`fÙk vkidks nwljksa ij vf/kdkj djus ds ;ksX; cukrh gSA D;ksafd vki uez o 'kkUr LoHkko ds gSa rFkk xqLlk ugha gksrs] blfy, og yksx vkids izfr LokehHkDr jgsaxs tks vkids v/khu gksaxsA vki vkfFkZd fo""k;ksa esa vPNh tkudkjh j[krs gSa] vr% blls ;g tkudkjh izkIr gksrh gSa fd vki cSad lsok] O;kikj ls lEcfU/kr vkfFkZd ysu&nsu dh fdlh dEiuh ;k 'ks;jksa dh [kjhnkjh ;k cspus ds nyky ds :i esa vPNk dk;Z djsaxsA ijUrq dk;kZy; ds lHkh dk;Z vkids O;fDrRo o ew<+ ls esy [kkus pkfg,A",P7D1R2
7,1,3,"You have, above all, a facility for putting thoughts into eloquent words. Thus, you would do admirably as a journalist, a lecturer or even as a traveller salesman. Never would you be at a loss for something to say. This quality would fit you for a teacher also. But, when your impatient moods overtake you, you would fare badly. In almost any occupation requiring quick thinking, you will succeed very well. But, it must not be monotonous work or you will prove an utter failure. You like change and variety, so that any job which takes you up and down the country or to some far-flung outpost, will be suitable for you. You will fare better as your own master than when working for somebody else. You want to come and go when you like and, to be able to do this, you must be your own master.","loksZifj] vkiesas vius fopkjksa dks 'kCnksa }kjk izHkkfor :i ls yksxksa ds le{k izLrqr djus dh ;ksX;rk gSaA blfy, vki ,d i=dkj] v/;kid ;k mins'kd rFkk Hkze.k djds oLrq,¡ cspus okys O;fDr ds :i essa lQyrk ls dk;Z djsaxsA dgus ds dkj.k vki dHkh Hkh dqN [kks,axs ughaA vkidh ;g ;ksX;rk vkidks v/;kid cuus ds ;ksX; cukrh gSA ijUrq tc vkidk vfoosdh Hkko vki ij gkoh gksrk gS rks blds fy, cqjh rjg ls ewY; pqdkuk iM+rk gSA yxHkx ,sls lHkh O;olk;ksa esa ftuesa 'kh/kz lkspus dh vko';drk gksrh gS] vki vPNh izdkj ls lQy gksxsaA ijUrq dk;Z Fkdkusokyk ;k mnklh Hkjk ugha gksuk pkfg, vU;Fkk vkidks mlessa cqjh rjg ls gkjuk iM+sXkkA vki cnyko rFkk fofHkUurk ialn djrs gSa] vr% vkidks dksbZ ,lk O;olk; ;k dk;Z djuk pkfg, ftlls vki ns'k esa ,d LFkku ls nwljs LFkku ij Hkze.k dj ldsa ;k dksbZ nwj&njkt ds bykdksa easa dksbZ in izkIr djsaA vki ;fn nwljksa dh vis{kk Lo;a ds fy, dksbZ dk;Z djrs gSa rks ,d vPNs ekfyd ¼Lo;a ds fy,½ fl) gksrs gSaA vki dgha Hkh vkuk ;k tkuk vkiuh bPNkuqlkj ialn djrs gS vr% ;g rHkh lEHko gS dh fdlh vU; O;fDr dh vis{kk vki Loa; vius ekfyd cusaA",P7D1R3
7,1,4,"You are not fit for any calling that is decidedly strenuous, nor do you care for too much responsibility. You do not mind work, in fact work agrees with you, but it must not involve a load of responsibility. While you are prepared to turn your hand to almost anything, it is very noticeable that you have a decided flair for all that is cultured and clean. In addition, you may have noticed that an occupation which brings you in contact with bright lights and a certain amount of gaiety suits you far better than one that relegates you to loneliness and quiet. As a matter of fact, your own quiet nature cannot tolerate quiet surroundings and it yearns for brightness and anything cheery.","dksbZ Hkh ,slk dk;Z tks fuf'pr :i ls Fkdkus okyk] rFkk vf/kd ftEesnkjh ls iw.kZ gks vkids mi;qDr ugha gSA vki dk;Z djus ls ihNs ugha gVrs vfirq Lo;a lgefr ls dk;Z djuk pkgrs gSa] ijUrq dk;Z esa ftEesnkjh dk vf/kd cks> ugha gksuk pkfg,A tc vki fdlh Hkh dk;Z dks djus ds fy, ,d ckj fu'p; dj dk;Z vkjEHk dj nsrs gSa rks ;g /;ku nsus ;ksX; gS fd vki dk;Z dks cgqr gh lH;rk] 'kkyhurk o Li""Vrk ls djrs gSaA blds lkFk gh vkius ;g Hkh /;ku fn;k gksxk fd ped /ked okys o ,s'o;Z;qDr O;olk; vkidks mu O;olk;ksa ls vf/kd yqHkkrs gSa ftuesa ,dkdhiu rFkk ljyrk >ydrh gSaA okLro esa vkidk 'kkUr LoHkko vius pkjksa vksj 'kkUr ekgkSy lgu ugha djrk rFkk ped /ked rFkk g""kksZYykl ds fy, ykykf;r jgrk gSA",P7D1R4
7,1,5,"You have an excellent memory, excellent health, and plenty of force in your character. All this makes it clear that you were born to command. It hardly matters what the particular line of occupation is, You should do well in it. But where you will chafe is in passing up from junior posts to the executive positions. If promotion is slow, you may become despondent and even spoil your chances by plain speaking. Once you climb up the ladder and reach a good height, your abilities will establish you firmly. From this, it is seen that you will fare better in the higher ranks of service than in the lower. Clearly, it will be wise for you to go cautiously while getting your footing.","vki ,d lokZÙke Lej.k 'kfDr] LokLF; o O;fDrRo esa foy{k.k cy ds Lokeh gSaA blls Kkr gksrk gS fd vkidk tUe gh vkKk nsus o 'kklu djus ds fy, gqvk gSaA bl ckr ls fo'ks""k QdZ ugha iM+rk fd vki fdl O;olk; fo'ks""k essa layXu gSa] vki tks Hkh djsaxs cgqr vPNk djsaxsA ijUrq tc vki NksVs in ls fdlh in ¼tSls iz'kklfud in½ ij mUufr djrs gSa rc vki dqN mÙksftr gks tkrs gSA ;fn vkidks rjDdh /khjs&/khjs izkIr gksrh gSa rks vki fujk'k gks tkrs gSa rFkk ljsvke cksydj viuk Øks/k O;Dr djds mlds volj Hkh [kks ldrs gSaA ;fn ,d ckj vki lQyrk ds lksiku p<+ dj mPp in izkIr djysa rks vki ml LFkku ij n`<+rk ls fVds jgsaxsA blls ;gh Kkr gksrk gS fd vki fuEu inksa dh vis{kk mPp inksa ij vf/kd Js""Brk ls dk;Z dj ldrs gSaA Li""Vr% vkids fy, ;g cqf)ekuhiw.kZ gksxk fd vki dksbZ Hkh dne mBkrs le; lpsr jgsaA",P7D1R5
7,1,6,"There are many forms of work that you could take up with entire success. All those occupations that depend, primarily on passing examinations are within your range, since your are quick to learn and the grind necessary for their success is not a matter that irritates you. Your capacity for detail is valuable in a thousand widely different jobs. You would make an excellent journalist, not a bad detective. As a teacher you would be probably very good whilst your facility for remembering faces would be a valuable asset as a shopkeeper. What panders more to a customer's vanity than to be able to tell him everything that he discussed on his last visit ? You have a wonderful gift for doing this. As has been said, you are not exceptionally good in posts where leadership is required. But you would do well in almost any capacity where decisions have to be made. You are not fitted for the work of a commercial traveller and, generally speaking, the sea does not attract you.",",sls vusd dk;Z gSa ftUgsa vki iw.kZ lQyrk ds lkFk dj ldrs gSaA ,sls izR;sd O;olk; tks fd ijh{kkvksa dh lQyrk ij fuHkZj djrs gSa vkidh 'kfDr ds v/khu gSa] D;ksafd vki lh[kusa esa vfr rhoz gSa rFkk dfBu ifjJe ls fgpfdpkrs ugha gSa vr% lQyrk dHkh Hkh vkids fy, fpUrk dk fo""k; ugha gksrhA vkidh fooj.k ;ksX;rk gtkjksa fofHkUu izdkj ds dk;ksZa ds fy, ewY;oku gSA vki ,d Js""B i=dkj cu ldrs gSa] ijUrq ,d cqjs xqIrpj ;k tklwl ughaA ,d v/;kid ds :i esa lEHkor% vki cgqr vPNk dk;Z djsa tcfd psgjs Lej.k j[kus dh ;ksX;rk vkidks nqdkunkj cuus esa ewY;oku fl) gksxhA fdlh xzkgd ds xoZ dks dqfVyrk ls iz;ksx djus ds fy, blls vf/kd ykHknk;d D;k gksxk fd vki mlls mldh fiNyh HksaV ds fo""k; esa ckrphr djsaA ,slk djus dk xq.k vkiesa migkj Lo:i izkIr gSA tSls fd dgk tk pqdk gS] vki ,sls inksa ds fy, dqN [kkl ;ksX; ugha gSa ftuesa usr`Ro dh vko';drk gksrh gSA ijUrq vki ,sls izR;sd dk;Z esa vPNk izn'kZu djsaxs tgk¡ fu.kZ; ysus dh vko';drk iM+rh gSA vki O;olkf;d ;k=h cuus ds vuqdwy ughsa gSa rFkk lk/kkj.kr% leqnz vki dks vkdf""kZr ughas djrkA",P7D1R6
7,1,7,"You are not particularly well suited to a business or commercial life, since these demand a practical nature which you do not possess. Moreover, many of them entail monotony and routine which would grate very harshly on your artistic temperament. Let it be said that, while you would fail in these directions, there are plenty of occupations in which you ought to do remarkably well. There are many branches in the world of music where you would find congenial work. Literature and the drama may be cited as other suitable outlets for your talents. Generally speaking, you have an aptitude for several of the highest professions. The law and medicine may be instanced. But, while mentioning the latter, it must be admitted that some of the pathetic sights which the doctor sees might shake your finely-balanced temperament.","vki O;kikfjd rFkk O;olkf;d thou ds vuqdqy ugha gSa D;ksafd bu lc ds fy, ,d O;ogkfjd izo`fr dh vko';drk gksrh gS tks fd vkiesa fo|eku ugha gSA bu lcls c<+dj O;olkf;d thou fu;eksa rFkk vk'kk&fujk'kk ls ckf/kr gksrk gS tks fd vkids dykRed O;fDrRo dks dBksjrk ls izHkkfor dj ldrk gSA ,slk dgk tk ldrk gS fd ;|fi vki bu fn'kkvksa esa vlQy gks ldrs gS ijUrq vU; cgqr ls O;oLkk; ,sls gSa ftuesa vki cgqr vPNk izn'kZu dj ldrs gSaA laxhr ds lalkj esa ,slh vusd 'kk[kk,¡ gSa ftuesa vki viuh :fp ds vuqlkj dk;Z izkIr dj ldrs gSaA lkfgR; rFkk ukVd Hkh vkids xq.kksa ds vuq:i vkids ;ksX; gks ldrs gSaA lk/kkj.kr% vki vusd mPp O;olk;ksa dks djus dh {kerk j[krs gSaA dkuwu rFkk fpfdRlk ds {ks= esa volj cgqr de gSA fpfdRlk ds fo""k; esa ;g dgk tk ldrk gS fd ,sls nq%[kh o vlgk; n`'; tks fd ,d fpfdRld dks ns[kus iM+rs gSa] vkids lUrqfyr O;fDrRo dks fgyk ldrs gSaA",P7D1R7
7,1,8,"Your inherent push and go are very useful requirements. Whilst others are debating, you are acting, and it is the early bird that gets the worm. You should cast away all thought of taking up a profession or occupation that requires polish and gentleness. You are far too practical to bother about surface qualities. They irritate you. You are a person of action and prefer rough and ready efficiency to anything else. You could play the part of an explorer admirably, both in real life and on the films. You would be far better as a surgeon than as finance consultant. At any job where skill in making things was needed, you would succeed. Engineering may be cited as such a job. There are many occupations at sea which would suit you extraordinarily well. As an aviator, you would display the requisite pluck and daring. There are endless fields for your energies in work connected with land. Not only would you make an excellent farmer, but you would do equally well as a surveyor, a mining engineer and a prospector.","vkxs c<+us dh vkidh iSr`d 'kfDr vkids fy, ,d miyfC/k gSA tcfd vU; yksx okn&fookn dj jgs gksrs gSa] vki fØ;k'khy gksrs gSa rFkk tks igys vkxs c<+ dj dk;Z djrk gS] ogh y{; izkIr dj ysrk gSA vkidks ,slk O;olk; ftuesa Åijh fn[kkok gksss] djus dh lksp R;kx nsuh pkfg,A vki Åijh o mFkys xq.kksa dh ijokg fd, fcuk] ,d O;ogkfjd O;fDr gSaA vfirq ;s xq.k vkidks d""V gh nsrs gSA vki ,d fØ;k'khy O;fDr gSa rFkk izLrqr ;ksX;rk o dkcfy;r dks fdlh Hkh vU; oLrq ls vf/kd izkFkfedrk nsrs gSaA vki okLrfod thou o pyfp= nksuksa esa ,d [kksth dh Hkwfedk vPNh rjg ls fuHkk ldrs gSaA fiÙk lykgdkj dh vis{kk vki ,d vPNs 'kY; fpfdRld cu ldrs gSaA dksbZ Hkh ,slk dk;Z ftlesa oLrq,¡ cukus ds fy, vkidh ;ksX;rk o dkjhxjh dh vko';drk gksss] mlesa vki lQy gks ldrs gSA vfHk;Urk dk dk;Z ,d ,slk gh dk;Z gSA leqnz ls lEcfU/kr ,sls vusd O;olk; gSa tks vkids fy, foy{k.k :i ls vPNs jgsaxsA ok;q ;ku pkyd ds :i esa vki Hkjiwj lkgl o cqf)ekuh dk ifjp; nsxsaA tehu ls lEcfU/kr ,sls vifjfer {ks= gSa ftuesa vki viuh ÅtkZ o 'kfDr dk lnqi;ksx dj ldrs gSaA vki u dsoy ,d Js""B fdlku cu ldrs gS vfirq iSekb'k ¼tk¡p vkfn½ djus okys] [kku vfHk;Urk o vos""k.kdrkZ Hkh mrus gh vPNs cu ldrs gSaA",P7D1R8
7,1,9,"Whatever you turn to, you will engage in with all your might - one at a time. Then, if monotony or routine plays a large part in the chosen occupation, you will become restless and look for a complete change. Accordingly, you must see to it that, at the outset, you choose a form of work possessing plenty of variety. You should think of nothing that keeps you seated in an office, since you need movement. There is much in a commercial traveller's work that will appeal to you. But, there are thousands of jobs, which will take you from place to place and where you will constantly seeing fresh faces, that will be suited to your requirements also. You have an excellent executive ability which fits you for ruling you own right after you reach the age of 35. Moreover, at about this time, you become unfitted for serving under others.","vki ftl vksj Hkh eqMsaxs] Lo;a dks iwjh 'kfDr ds lkFk mlh esa layXu dj ysaxs rFkk ,d le; esa mlh dh vksj /;ku nsaxsA ijUrwq ;fn vkids pqus gq, O;olk; esa fujk'kk ;k ,d gh fu;e yEcs le; rd jgs rks vki cspSu gks tkrs gSa rFkk iwjh rjg ls cnyko pkgrs gSaA blds fy, vkidks pkfg, fd dksbZ Hkh dk;Z vFkok O;olk; vkjEHk djus ls iwoZ ;g vo'; ns[k ysa fd ml dk;Z esa fofHkUurk gksaA vkidks dksbZ ,slk dk;Z djus ds fo""k; esa ugha lkspuk pkfg, ftlesa fd vkidks dk;kZy; esa cU/k dj cSBuk iMsA D;ksfd vki pyrs fQjrs jguk pkgrs gSaA O;olkf;d ;k=h ds is'ks ds xq.k vkidks vkdf""kZr djsaxsA ijUrq blds vfrfjDr Hkh gtkjksa ,sls O;olk; gSa ftuesa vki ,d LFkku ls nwljs LFkku rd Hkze.k dj ldrs gSa rFkk fujUrj u,&u, psgjksa ls voxr gks ldrs gSaA ;g vkidh vko';drkvksa ds vuqdwy Hkh gksxkA vkiesa foy{k.k iz'kklfud ;ksX;rk gSa rFkk 35 o""kZ dh vk;q ds ckn vki dsoy nwljksa ij 'kklu djus ds fy, i;kZIr vuqdqy gksaxsA blh vk;q essa vki nwljksa ds v/khu viuh lsok,a miyC/k djus esa izfrdwy fl) gksaxsA",P7D1R9
8,1,1,"You are more inward than most. If you were to appear in front of a large group of people, you would suffer from stage phobia. You are best motivated when you are alone to do whatever you want to do, and at your own pace.","vki vU; cgqr ls yksxksa ls vf/kd vUreqZ[kh gSaA ;fn vkidks yksxksa ds ,d cM+s lewg ds lEeq[k mifLFkr gksuk iMs+ rks vki eap&Hk; ls xzLr gks tkrs gSaA tc vki vdsys gksrs gSa rks vki tks pkgrs gSa og djus es vR;kf/kd izsfjr gksrs gSa rFkk viuh bPNk o xfr ds vuq:i vius y{; dh vksj c<+rs gSaA",P8D1R1
8,1,10,"Your co-workers serve as an inspiration for your success. Thus, you can rely on others to give you the inspirational spirit you need to pursue goals.","vkidh lQyrk esa vkids lkFkh o lg;ksxh vkidks cgqr izsj.kk nsrs gSaA vr% vius y{;ksa dks izkIr djus dh vko';d izsj.kk ds fy, vki nwljksa ij fuHkZj jg ldrs gSaA",P8D1R10
8,1,11,Your friends serve as motivational factors in your life. You need their support and encouragement. You can thus achieve your goals by directing yourself in areas where your friends see your progress.,"vkids fe= vkids thou esa izsj.kkRed rRo ds :i esa dk;Z djrs gSaA vkidks lnSo mudh enn o izsj.kk dh vko';drk jgrh gSA vr% vki ,sls {ks=ksa esa cuk, gq, y{;ksa esa vf/kd lQyrk izkIr dj ldrs gSa tgk¡ vkids fe= vkidh lQyrk ns[k ldrs gSaA",P8D1R11
8,1,12,"You tend to be miserable in many ways because you are afraid to tell people how you feel about them. Thus, you build up hostility. Start immediately to say what is on your mind and you will begin to find meaningful relationships with others.","vki yksxksa ds izfr viuh Hkkoukvksa dks muds lEeq[k izLrqr djus esa Hk; izrhr djrs gSa vr% cgqr ckj vki nq%[kh Hkh gks tkrs gSaA bl izdkj vki 'k=qrk Hkh cuk ysrs gSaA vkidks pkfg, fd tks Hkh vkids efLr""d esa nwljksa ds izfr gS mls vki dguk 'kq: dj nssaA vki ik¡,xsa fd nqljksa ls vkids lEcU/k vf/kd ewY;oku cu tk,axsaA",P8D1R12
8,1,2,"You feel that others will regard you with esteem only if you have acquired wealth and material possessions. This is not true, so pursue your goals which are in harmony with what you really want to do.","vkidks lnSo ;gh vkHkkl gksrk gS fd ;fn vkids ikl /ku&nkSyr rFkk HkkSfrd&lqfo/kk,¡ gksxha] rHkh yksx vkidks mPp lEeku iznku djsaxs o vkidh bTtr djsaxsA ijUrq ;g okLrfodrk ugha gS vr% vius y{;ksa rFkk tks vki okLro esa pkgrs gSa] muds chp rkyesy cukus dk iz;Ru djsaA",P8D1R2
8,1,3,You are concerned about how others will regard you intellectually and are motivated to direct your efforts toward education before any other areas.,"vki bl ckr ls fo'ks""k lEcU/k j[krs gSa fd nwljs vkidks ckSf)d :i ls vknj&lEeku nsa rFkk fdlh Hkh vU; dk;Z{ks= esa tkus ls igys vki f'k{kk dh vksj tkus esa fo'ks""k iz;Ru djrs gSaA",P8D1R3
8,1,4,Your parents serve as a spiritual factor influencing you to accomplish certain objectives. Try to do what you want to do. Perform for yourself and not for them.,"dqN fuf'pr y{;ksa dks izkIr djus ds fy, vkids ekrk&firk vkidks vk/;kfRed rRo ds :i esa fo'ks""k izHkkfor djrs gSaA vki tks pkgrs gSa] ogh djus dk iz;Ru djsaA mudh vis{kk Lo;a ds fy, dk;Z djus dk iz;Ru djsaA",P8D1R4
8,1,5,"Children will give you tremendous motivation to set goals and accomplish them. You feel a responsibility to them and must not let them down. Use this motivating factor to its fullest, but be sure that your are doing what you want to do and not directing your efforts in an area which you do not like just because of your sense of responsibility.","vius y{; cukus rFkk mUgsa iwjk djus esa cPps vkidks vR;kf/kd izsj.kk nsrs gSaA vki muds izfr ftEesnkjh dh Hkkouk j[krs gSa ftls vki fdlh Hkh ewY; ij uhps ugha fxjkuk pkgrsA vki bl izsjd rRo dks iwjh rjg ls mi;ksx djsa ijUrq bl ckr dk Hkh fo'ks""k /;ku j[ksa fd vki ogh djsa tks vki pkgrs gSaA ftEesnkjh dh Hkkouk gksus ds dkj.k fdlh ,sls dk;Z esa u iMs+ ftlesa vkidh bPNk o :fp u gksA",P8D1R5
8,1,6,You are motivated to work hard to earn money because you feel that beautiful surroundings are essential to gain the high regard of others. This is not true. Pursue these directions only if you find true happiness in them.,"vki dfBu ifjJe djds /kuksiktZu djus esa fo'ks""k izksRlkfgr gksrs gS D;ksafd vkidks yxrk gS fd nwljksa ls vknj&lEeku izkIr djus ds fy, vius pkjksa vksj lqUnj oLrqvksa dk vEckj gksuk pkfg,A ijUrq ;g okLrfodrk ugha gSA bl lksp o fn'kk dks rHkh viuk,¡ tc vkidks ;g vkHkkl gks fd vki mlesa okLrfod [kq'kh izkIr dj ldrs gSA",P8D1R6
8,1,7,"You are precisely the one, people are talking about when they say that behind every successful person there is a lover. Your marriage partner will motivate you to accomplish your objectives.","vki mu yksxksa esa ls ,d gSa ftuds fo""k; esa yksx ;g dgrs gSa fd izR;sd lQy O;fDr ds ihNs mldk izseh vFko izfedk gksrs gSaA vkidk thou lkFkh vkidks vius y{; izkIr djus ds fy, fo'ks""k izksRlkgu iznku djsxkA",P8D1R7
8,1,8,"You are motivated to enhance your sex life. If other factors make you feel that material possessions are a requirement, you are motivated to gain much money. Whatever your goals, however, sex is the motivating factor. Recognise this, and rather than fight it, use it to best advantage.","vki vius ;kSu thou dks c<+kus ds fy, izsfjr jgrs gSaA ;fn nwljs rRo vkidks ;g vkHkkl nsrs gSa fd HkkSfrd lq[k&lqfo/kk,¡ izkIr djuk vko';d gS rks vki vf/kd ls vf/kd /ku izkIr djus ds fy, izsfjr jgrs gSaA vkids y{; dqN Hkh gksa] ijUrq ;kSu rRo ,d izsj.kk nsus okyk RkRo gSA bls igpkfu, o blds fo:) yM+us ds LFkku ij] bldk lnqi;ksx djsaA",P8D1R8
8,1,9,"You love to communicate, and you are much better motivated to do a good job when others are watching. If you are on stage, you would to a much better job with a large audience than with a small one.",vki lpakj izsEkh gSaA tc vkidks ;g Kkr gksrk gS fd nwljs yksx vki dks ns[k jgs gSa rks vki mRlkfgr gksdj dk;Z djrs gSaA ;fn vki eap ij izn'kZu djuk pkgrs gSa rks vkidk izn'kZu de n'kZdksa ds LFkku ij vf/kd n'kZdksa ds lEeq[k vf/kd vPNk gksxkA,P8D1R9
