"id","Planet","Rashi","Hindi","English"
1,3,1,"tkrd iq:""kkFkhZ gksrk gSaA ijkØe dh o`f) gksrh gSA HkkbZ&cguksa ds lq[k esa dqN deh jgrh gSA L=h rFkk O;olk; ds {ks= esa dqN ijs'kkfu;ksa ds lkFk lQyrk feyrh gSA tkrd dk 'kkjhfjd lkSUn;Z rFkk dqN nqcZyrk jgrh gSA lkFk gh ekrk] Hkwfe] Hkou rFkk ?kjsyw&lq[k dh miyfC/k gksrh gSA [kpZ vf/kd jgrk gS rFkk ckgjh lEcU/kksa ls ykHk gksrk gSA vki Hkksxh] /kuh] foosdh rFkk ;'kLoh gSaA jkT; ls lEeku rFkk firk ls vkfFkZd ykHk gksrk gSA O;fDr /keZ dk ikyu djrk gSA nSfud O;olk; esa ifjJe ls lQyrk feyrh gSA O;fDr dks lqUnj L=h feyrh gS vkSj llqjky ls /ku dk vPNk ykHk jgrk gSA okgu dk iw.kZ lq[k çkIr gksrk gSA vki cgqr cqf)eku gSA
cq/k mPp dk gks rks tkrd vR;ar cqf)eku] /kS;Zoku] fu""iki] eU= dh j{kk djus okyk rFkk vkylh gksrk gSA ijUrq mldk cqf)cy] eukscy c<+k gqvk gksrk gSA cq/k uhp dk gks rks tkrd lUrfr foghu rFkk 'kq) cqf) okyk gksrk gS mldh iRuh lq'khyk vkSj ifrozrk gksrh gSA","The person is diligent and hard working. He gains honor. There is wanting in the happiness of bothers and sisters. You face some difficulties with women and business but are successful. The person remains bodily beautiful but with some weakness. You get happiness from mother, land, house and homely comforts. You tend to spend a lot and gain from external relationships. You are rich, compassionate, have a name and enjoy life to the fullest. You are honored by the state and get economic gains from your father. The person is religious. He gets success by working hard in his daily life. He gets a beautiful bride and will get riches from his in-laws. He is very intelligent. If Jupiter is in high level the person is extremely intelligent, patient, without any flaws and tends to be lazy. But his intelligence and mental stamina is on a high. If Jupiter is in the low level then the person is of a pure character and intelligence and his wife is very loyal and faithful to him."
2,3,2,"viuh foosd cqf) ls /ku lap; djrk gSA dqVqEc dk lq[k çkIr djrk gSA ekrk rFkk L=h ls lq[k esa dqN deh gksrh gSA ?kjsyw lq[k vPNk jgrk gSA nh?kkZ;q ;ksx gksrk gSA nSfud thou mYykl iw.kZ gksrk gSA Hkwfe] Hkou dk lq[k feyrk gSA fo|k ,oa lUrku Ik{k detksj jgrk gSA iqjkrRo dk ykHk de feyrk gS ysfdu okd~ pkrq;Z ls O;fDr /ku cgqr dekrk gSA ,slk O;fDr vPNk xf.krK Hkh gksrk gSA eku&çfr""Bk dh o`f) gksrh gSA firk] jkT; rFkk nSfud O;olk; ds {ks= esa vPNh lQyrk;sa feyrh gSA fo'ks""k /ku lap; gksrk gSA ,sls tkrd fn[kkosokyk thou O;rhr djrk gSA LokFkZ flf) gsrq /kkfeZd dk;Z djrk gSA","He earns his livelihood through his intelligence and gets happiness from his family. There is wanting of happiness from his mother and wife but his family life is good. The person has a long life and his everyday life is full of brightness and happiness. He gets comfort from land and property. But is weak in matters of studies and progeny. There are fewer gains from inheritance but earns from his oratorical and conversational skills. Such a person is a good mathematician. He gains in honor and gets an unbounding success from his father, state and every day life. He earns quite a lot. Such a person is an extrovert and tends to show off. To fulfill his ambitions and reach his goals, such a person has extensive strengths."
3,3,3,"vR;Ur ijkØeh rFkk fgEerh gksrk gSA NksVs HkkbZ&cgu rFkk fe=ksa ds lq[k esa dqN deh jgrh gSA HkkX; esa o`f) gksrh gS rFkk vkaf'kd :Ik ls /kkfeZd jgrk gSA vius iq:""kkFkZ }kjk /ku miktZu djrk gSA vkSj vius ifjokj dk iw.kZ lq[k Hkksxrk gSA tkrd cgqr fo}koku] /kuh vkSj /kekZRek] ijkØeh] lkSUn;Zoku] nwjn'khZ] /kS;Zoku] iSfÙk`d lEifÙk çkIr djusokyk] fonsf'k;ksa ls lEcU/k cukusokyk] e`nq ok.kh cksyus okyk] vius dk;Z dks lS)kafrd :Ik ls djus okyk] 'k=q Ik{k ds >xM+ksa rFkk >xM+ksa ds dkj.k ijs'kkuh mBkus okyk] lUrku Ik{k ls dksbZ d""V u mBkusokyk gksrk gSA","Happiness in younger siblings and friends is wanting. His luck gains but is a minor in matters of religion. He earns through the sweat of his brow and enjoys a complete harmonious family life. The person is highly intelligent, rich and religious, honorable and bodily beautiful, patient, highly perceptive, gaining inheritance, having relationships with foreigners, a principled man, of a sweet tongue but will face hardships from enemies and squabbles due to enmities but will be free from any problems from his children."
4,3,4,"ekrk] Hkwfe] Hkou] okgu vkSj llqjky ls lgk;rk çkIr O;olk; esa ykHk ikusokyk gksrk gSA firk ls lEcU/k lkekU;r;k e/kqj ugha jg ikrsA vius cqf) pkrq;Z ls O;fDr vius HkkX; esa mUufr djrk gSA 'k=q Ik{k ij viuk ncko cuk ysrk gSA x`gLFkh thou esa dfBukbZ;ka vkrh jgrh gSA ljdkjh ukSdjh fnDdr ls feyrh gSA tkrd viuh IkSfr`d lEifÙk dk T;knk le; rd lnqi;ksx ugha dj ikrkA [kpZ vPNk jgrk gSA yEch nwjh dh ;k=k,sa djrk gS ,oa mlh ls /ku ykHk ikrk gSA Lo;a ds Hkou dk lq[k =qfViw.kZ jgrk gS ;k pkyhl o""kZ dh vk;q ds ckn feyrk gSA tkrd euksfouksn djus okys] firk ds O;olk; dks u viukus okys] Lo;a lEeku ,oa ;'k dks ikus okys gksrs gSA","The person will get assistance from mother, land, house, property, vehicle and in-laws and will gain in business. His relations with his father are not exactly cordial. He gains in life through his clever intelligence and is able to suppress his enemies. He faces hardships in his family life and gets a government job with great difficulty. The person is not able to fully utilize the gains from his inheritance. He spends a lot. His long distance travels bring him monetary gains. He gets the happiness of his own house after the age of 40. The person has a sense of humor, will not take up his father's profession and will himself gain in honor and respect."
5,3,5,"fo'ks""k ifjJe }kjk cqf)] fo|k ,oa lUrku ds {ks= esa lQyrk;sa feyrh gSA cqf) foosd ls vkenuh esa o`f) rFkk 'k=q Ik{k ij lQyrk çkIr gksrh gSA lUrku ,oa fo|k dk lgk;rk ls /ku rFkk eku&çfr""Bk esa o`f) gksrh gSA vk; ds {ks= esa deh jgrh gSA tkrd /kuh] fo}ku] lTtu] LokFkhZ] xaHkhj] vkRefo'oklh] prqj rFkk le>nkj gksrk gSA foosd ds lkFk [kpZ pykus esa lQy gksrk gSA vPNk xf.krK rFkk lEcfU/k;ksa ij fo'ks""k [kpZ djusokyk] thou lkFkh ds ç;kl ls lQyrk çkIr djusokyk] ok.kh dk /kuh gksrk gSA","With hard labor and high intelligence, the person gains in the spheres of education and progeny. Using his high intelligence, the person increases his income and conquers his enemies. He tends to gain respect and money from progeny and education. Though there is a wanting in income, the person is rich, intelligent, a gentleman, of serious disposition, self confident, selfish, and a clever individual. He spends with care and intelligence. He is a good mathematician, tends to spend on his relatives and has a cordial relationship with his life partner and is a good speaker."
6,3,6,"iq:""kkFkZ ds cy ij cM+s&cM+s dk;Z djusokyk] HkkbZ&cgu ls dqN fojks/k djusokyk] ijkØe esa vkUrfjd deh dk vuqHko djusokyk] vf/kd [kpZ rFkk ckgjh LFkkuksa ls ijs'kkuh mBkusokyk] 'k=q Ik{k ls v'kkfUr çkIr djus okyk gksrk gSA Lotuksa rFkk vius iq= ,oa iqf=;ksa ls erHksn j[kusokyk gksrk gSA ekrk] Hkou] okgu ds ekeys dqN uqdlku mBkusokyk] 'kkjhfjd lkSUn;Z esa deh rFkk ekek ls iw.kZ lq[k çkIr djusokyk gksrk gSA fouezrk ,oa /ku'kfDr ls dk;Z  fl) djusokyk gksrk gSA viuh ;qfDr foosd ls] vius 'k=qvksa ij viuk çHkqRo tekus okyk] ufugky Ik{k ls ykHk çkIr djusokyk] vius firk ls /ku {ks= esa vlUrks""k cuk;s j[kusokyk gksrk gSA cM+h eqlhcrksa ls viuk [kpZ pykus okyk] HkkX; vkSj /keZ {ks= esa detksj jgus okyk gksrk gSA ,sls tkrdks dks jDr fodkj gks tkrk gSA (nkt] [kkt] [kqtyh)A tkrd dks fons'k Hkze.k ds volj çkIr gksrs gSA","The person does big works by his sheer hard work and diligence but faces some opposition from his siblings and will find his confidence wanting at times, tends to spend a lot and faces hardships at external places and will be troubled by his enemies. He will also have uncordial relations with his relatives and his sons and daughters. He might also face losses from his vehicle, house and mother, might have drawbacks in body beauty but will gain from his maternal uncle. He gets his work done through money power and by soft speech. By his cleverness, he is able to overcome his enemies, gains from his mother's side and is not satisfied by his father's wealth. He is able to meet his everyday expenses with lots of trouble and is wanting in religious matters. Such a person suffers from ailments of the blood."
7,3,7,"iq:""kkFkZ ds }kjk O;olk; djus ij cM+h Åpkb;k¡ çkIr gksrh gSA HkkbZ&cgu vkSj fe= lnSo O;fDr ds lgk;d cus jgrs gSA 'kkjhfjd :Ik ls tkrd dks dksbZ u dksbZ jksx fodkj cuk jgrk gSA ;'k] eku] cqf)] foosd] /ku ,oa lQyrk dk fujUrj ykHk gksrk jgrk gSA LokfHkeku] çfr""Bk ,oa lq[k dh çkfIr gksrh gSaA O;fDr dk [kpZ vf/kd jgrk gSA 'kjhj ds fdlh fo'ks""k fgLls esa 'kkjhfjd nqcZyrk gksrh gSA viuh L=h ds O;fDrRo ds le{k Lo;a dks ghu vuqHko djrk gSA tkrd dks lqUnj L=h feyrh gS ,oa L=h Ik{k ls lgk;rk Hkh feyrh gSA x`gLFkh ds lapkyu esa vf/kd ifjJe djuk iM+rk gSA","He reaches the zenith in business due to his hard work. Brothers and sisters are always helpful. Such a person is always suffering from some body ailment. The person goes on gaining respect, intelligence, success, and money. The person gains in self-respect, confidence and happiness. The person spends a lot. The person experiences some weakness in some of his body part. He considers himself inferior to his wife. The person gets a beautiful wife and also gets all help from opposite sex. He has to work hard towards running a smooth family life."
8,3,8,"vk;] iqjkrRo rFkk iq:""kkFkZ ds fo""k; esa dfBukbZ;ksa dk lkeuk djuk iM+rk gS ,oa 'k=q Ik{k ls gkfu dh lEHkkouk cuh jgrh gSA fe=ksa ds }kjk lg;ksx rFkk ijkØe esa deh eglwl gksrh gSA /ku lap; esa o`f) gksrh gSA lUrku Ik{k esa ijs'kkfu;ksa dk vuqHko gksrk gSA ijUrq O;fDr viuk thou 'kkuks&'kkSdr ls thrk gSA /ku o`f) gsrq lnSo ç;Ru'khy cuk jguk iM+rk gSA HkkX; dh mUUkfr :d tkrh gSA mnj&fodkj gksrk gSA O;fDr dks xqIr ;qfDr;ksa dk lgkjk ysuk iM+rk gSA iSfÙk`d lEink çkIr djus esa O;fDr dks dkQh dfBukbZ;ka gksrh gSA dqVqEc lq[k esa Hkh O;o/kku vkrk gSA ok.kh ,oa foosd 'kfDr rhoz jgrh gSA","The person faces certain difficulties in income, inheritance and hard work and there is a fear of the enemies gaining an upper hand. There is a dearth of help from friends and also in self-confidence. Generation of money gets enhanced. The person faces difficulties in the matters of progeny. But the person leads a vain glorious life. He is always trying to increase his income. His luck does not shine. The person suffers from stomach ailments and he resorts to secret methodologies. He faces certain hardships in acquiring paternal property. His family life is also under pressure."
9,3,9,"HkkX; vkSj /keZ ds {ks= esa Bhd&Bhd lQyrk feyrh gSA tkrd ,s'o;Ziw.kZ thou fcrkrk gSA mls fo|k] lUrku rFkk ikfjokfjd lq[k Hkh feyrk gSA ekrk ,oa okgu ls Hkh fo'ks""k ykHk gksrk gSA og HkkX;'kkyh rFkk /kekZRek gksrk gSA HkkbZ&cgu dk lq[k feyrk gSA firk ls O;olk; esa] jkT; ljdkjksa rFkk lgdkjh laLFkkvksa ls O;fDr dks /ku dh çkfIr gksrh gSA lxs&lacaf/k;ksa ds fons'kksa esa cls gksus ij fons'kksa ls Hkh /ku çkIr gksrk gSA dqN tkrd LokFkh LoHkko] e`nqHkk""kh ,oa :[ks O;ogkj okys gksrs gSA HkkbZ cguksa ,oa fe=ksa ls fojks/k jgrk gSA nSfud thou lq[kh rFkk çHkko'kkyh gksrk gSa vkSj ekrk ds lq[k esa deh gksrh gSA","He gets success in spheres of luck and religion and the person spends a lavish life. He gets happiness from education, progeny and family. He gets special benefit from mother and vehicle. He is a lucky and religious person. He shares a cordial relationship with his siblings. The person gains monetarily from his father's business, state governments ad cooperative societies. If relatives are staying abroad, he gets monetary benefits from abroad also. Some persons may be of selfish character, soft spoken and of rough temperament. He faces opposition from his siblings and friends but his daily life is happy."
10,3,10,"L=h Ik{k ls ykHk] lq[kh x`gLFk thou lHkh HkkSfrd lq[k&lqfo/kkvksa dh çkfIr gksrh gSA dqN tkrd ykVjh] ?kksM+ksa dh jsl ,oa 'ks;j ekfdZV esa dke djusokyk ;k mlls lEcfU/kr foHkkxksa esa dk;Zjr gksrs gSA llqjky Ik{k ds lq[k esa dqN deh çkIr gksrh gSA vius ;'k ,oa foosd dh o`f) gksrh gSA 'k=q Ik{k ij fot; gkfly gksrh gSA O;fDr viuh ;qfDr ls /ku miktZu djrk gSA O;fDr dks vius firk ls fo'ks""k lg;ksx feyrk gSA Qyr%O;fDr /kuoku le>k tkrk gSA 'kjhj lqUnj] LoLFk ,oa dkfUre; gksrk gSA tkrd ds ikl oLrqvksa dks Ø;&foØ; djus dh 'kfDr cgqr gksrh gSA","The person enjoys a happy family life, gains from opposite sex and all materialistic comforts of daily life. Some persons may resort to lottery, horse racing and speculation in share markets or work in such departments. There is a shortcoming in comforts from in-laws side. Such a person increases wealth and earns through his clever intelligence. The person gets special help from his father. The person is considered rich. His body is healthy, strong and beautiful. The person has the ability to sell and buy a lot of things."
11,3,11,"vkenuh cgqr vPNh gksrh gSA O;; Hkh vf/kd jgrk gSA Lotuksa] ifjokjtuksa bu lcdk lg;ksx feyrk gSA O;fDr vius e`nq ok.kh rFkk okd pkrq;Z ds cy ij vYi fo|k dk Kkrk gksrs gq, Hkh viuk dk;Z fl) dj ysrk gSA /ku lap; esa deh jgrh gSA vkSj O;fDr ekufld fpUrkvksa ls f?kjk jgrk gSA 'kkjhfjd rkSj ij O;fDr LoLFk jgrk gSA rdZ&fordZ djus dh ,sls tkrdksa esa foy{k.k çfrHkk gksrh gSA O;fDr dk eukscy cgqr Åapk jgrk gSA thou lkFkh ds HkkbZ&cguksa ls O;fDr dks ykHk feyrk gSA O;fDr dk thou mYykliw.kZ jgrk gS vkSj LoHkko :[kk gksrk gSA ,sls tkrd fyfid] lEiknd] Lo;a m|eh vkfn gksrs gSA",Income levels are very high and expenses are also high. You enjoy high level of cooperation from your family members and friends. The person due to his soft speech and cleverness is able to get his work done. Money generation is on the low side and the person remains highly-strung mentally. He possesses a healthy body. The person is a good debater and orator and enjoys a high level of self-confidence. The person gains from the siblings of his spouse. The person enjoys a life of pomp and show but has a dry temperament.
12,3,12,"ekrk] tehu] tk;nkn] ?kjsyw lq[k rFkk nSfud O;olk; ds {ks= esa gkfu mBkuh iM+rh gS vkSj d""Vksa dk lkeuk djuk iM+rk gSA ,sls tkrd /kS;Zoku] lkglh gksrs gSA dqN tkrdks ij vk;q dk Hkh ladV vk tkrk gSA 'k=q Ik{k esa fouez O;ogkj vkSj cqf) foosd ds ç;ksx ls lQyrk feyrh gSA tkrd dk [kpZ vf/kd gksrk gSA tkrd fons'k ;k=k;sa djrk gSA ijUrq HkkX; mUufr esa vusd dfBukbZ;ka jgrh gSA firk ds lq[k dh Hkh gkfu gksrh gSA tUe LFkku ij jgdj O;olk; djus ls gkfu mBkuh iM+ ldrh gSA çfr""Bk dh j{kk ds fy, d""Vksa dk lkeuk djuk iM+rk gSA O;fDr dk thou çk;% Hkze.k'khy jgrk gSA vuqfpr mik;ksa dk vkJ; ysdj tkrd viuk dk;Z pykrk gSA","The person faces losses and difficulties from mother, land, property and a happy family life. Such persons are courageous and patient. Some persons may have a short life span. Such a person is able to conquer his enemies due to his intelligence and his soft speech. The person travels abroad. He faces a lot of trouble due to his luck. If the person is doing business at his birthplace he might face losses. The person enjoys a travel-oriented life. The person resorts to unethical practices to run his life."
13,4,1,"tkrd dk 'kjhj lqUnj gksrk gSA mls lEeku] pkrq;Z ,oa lQyrk dk ykHk gksrk gSA L=h rFkk nSfud O;olk; ds {ks= esa lQyrk çkIr gksrh gSA tkrd lq[kh] ;'kLoh rFkk HkkX;'kkyh gksrk gSA tkrd dks vkfRed cy dh çkfIr gksrh gSA ijUrq dHkh&dHkh jksx dk f'kdkj gks tkrk gSA 'k=q Ik{k ij fot; çkIr gksrh gSA fo|k] cqf) ,oa pkrq;Z dk çpqj bLrseky djrk gSA [kpZ [kwc jgrk gSA rFkk ckgjh LFkkuksa ls ykHk feyrk gSA tkrd gj çdkj ds lq[k dks Hkksxus okyk gksrk gSA ekrk ,oa Hkwfe] Hkou dk lq[k feyrk gSA tkrd dkQh cM+h Hkwfe dk Lokeh rFkk ,s'o;Z'kkyh lQy O;fDr gksrk gSA HkkbZ&cgu rFkk firk ls dqN erHksn jgrs gSA [kkunku esa lq[k dh deh eglwl djrk gSA vkSj /ku o`f) ds fy, /ku dh fpark ugha djrkA tkrd lekt esa ekU; gksrk gS ,oa lcdqN viuh ethZ ls djusokyk gksrk gSA dHkh&dHkkj iqjkrRo dk ykHk Hkh feyrk gSA vR;ar ifjJeh rFkk prqj gksrk gSA >xM+s&>a>Vksa ls ykHk mBkrk gSA O;fDr yksd&ijyksd nksuksa dks eukrk gSA nSfud thou mldk mYykliw.kZ gksrk gSA
'kqØ mPp dk gks rks tkrd ;U=&eU=&rU= vkfn dk Kkrk] T;ksfr""k] dfo] laxhrK] ;'kLoh rFkk lEifÙk'kkyh gksrk gSA 'kqØ uhp dk gks rks tkrd leLr dykvksa esa dq'ky] lHkk esa Js""B] Hkk""k.k djus okyk] dkSrqdh] fouksnh] prqj rFkk if.Mr gksrk gSA","The person has a beautiful body. He enjoys respect, cleverness and success. He enjoys success with opposite sex and in daily life. The person spends a happy, respectful and lucky life. The person draws from spiritual energies but sometimes suffers from some ailments. He is able to overcome opposition. The person fully utilizes his intelligence, cleverness and education. He spends a lot but gains from outside also. The person gains from mother, land, and property and is the owner of a lot of land. May face some opposition from his siblings and father. The person does not worry to increase his wealth. The person is a respected member of the society and does everything according to his own will. Sometimes gains from inheritance. He is extremely hard working and clever. The person believes in life after death. He tends to derive benefit from others squabbles. If Shukra is on a high plane, the person knows yantra, tantra and mantra, astrologer, poet, musician, respected and a rich man. And if Shukra is on a lower plane, then the person is highly gifted, highly respected, an excellent orator, highly intelligent a pundit."
14,4,2,"/ku vkSj dqVqac dh tcnZLr o`f) gksrh gSA nSfud vk; esa dqN dfBukbZ;ksa ds lkFk lq[k dh çkfIr gksrh gSA HkkX;o`f) rFkk /ku dk ikyu Hkh gksrk gSA [kkus igus dk tkrd cgqr 'kkSfdu gksrk gSA laxhr esa mldh :fp gksrh gSA dqVqEc rFkk viuh çfr""Bk esa o`f) djrk gSA vius okd~&pkrq;Z ls 'k=q Ik{k ij viuk çHkko cukrk gSA /ku dk lap; ugha dj ikrk vkSj larku lq[k esa deh jgrh gSA vk;q vkSj iqjkrRo ls lEcfU/kr fo""k;ksa esa gkfu vkSj ykHk nksuksa çkIr gksrs gSA L=h Ik{k esa fo'ks""k vuqjDr jgrk gSA tkrd e`nq Hkk""kh gksrk gSA gj [kwclwjr pht ns[kus dk 'kkSd gksrk gSA ekrk ds lq[k esa dqN deh jgrh gSA ijkØe vkSj firk ds {ks= easa mrkj&p<ko cuk jgrk gSA tkrd fo'ks""k jkSfcyk gksrk gSA vkSj BkB&ckV dk thou O;rhr djrk gSA tkrd xq.kh] 'kkjhfjd çHkkookyk rFkk vkRecy esa iw.kZ :Ik ls ;ksX; gksrk gSA thou lkFkh ds lkFk lq[k esa dqN deh jgrh gSA vf/kd [kpZ djus ls Hkh tkrd dbZ ckj ijs'kku gksrk gSaA",Increase in family and money. Everyday income increases with some difficulty. There is an increase in luck and income. The person is highly interested in wearing good clothes and eating good food. Interested in music and gains respect. He is able to make a mark on opposition by his clever speech. The person is not able to generate money and there is wanting in happiness from progeny. Age and inheritance give a mixed bag of adventures. The person is more inclined towards the opposite sex. The person is soft spoken and enjoys good sights. Mother’s happiness is wanting but relationship with father and self-confidence are sometimes high and low. The person has a strong personality and spends life in comfort.
15,4,3,"/ku&/kkU; vkSj ifjokj dh mUufr ,oa o`f) gksrh gSaA thou lkFkh rFkk O;olk; ds {ks= esa dqN dfBukbZ;ksa ds lkFk ykHk feyrk gSA HkkX;o`f) gksrh gS rFkk /keZ dk ykHk feyrk gSA HkkbZ&cgu vkSj fe=ksa ds lkFk fj'rs dqN ruko iw.kZ jgrs gSA rFkk ijkØe dh o`f) gksrh gSA fo|k vkSj lUrku ds Ik{k esa O;fDr lkekU; gksrk gSA okdiVqrk esa ,sls tkrd lQy jgrs gSA vR;f/kd Je djus ds dkj.k Fkd tkus ij Hkh vki dh fgEer de ugha gksrhA vki viuh Hkhrjh detksfj;ksa dks Nqik dj fgEer] çn'kZu djus okys /kuh lq[kh rFkk /kekZRek gSA firk vkSj jkT; ls viuh cqf) pkrq;Z ds dkj.k vkidks ykHk feyrk gSA thou lkFkh ls lEcU/k lkekU; ugha jgrsA tkrd iq:""kkFkZ dks çeq[krk nsdj lq[kh thou O;rhr djrk gSA lUrku i{k ls 'kfDr feyrh gSA O;fDr dks ;'k de feyrk gSA llqjky Ik{k] Hkwfe] okgu vkfn lq[k ds vfrfjDr ?kjsyw lq[k ds lk/ku Hkh iw.kZ miyC/k gksrs gSA","There is an increase in wealth, money and family. You gain from your life partner and business after some difficulty. There is an increase in luck and religiosity. Strained relationship with siblings and friends. Increase in self-confidence. In matters of education and progeny, the person enjoys a common life. The person enjoys good oratorical skills and does not loose heart even after a hard day’s labor. You tend to hide your inherent weaknesses and show yourself to be successful and rich. You tend to gain from your father and state due to your intelligence. You gain strength from your progeny. You get all happiness from in-laws, land, vehicle and family life."
16,4,4,"ekrk] Hkwfe] Hkou] okgu ,oa llqjky ls lq[k esa dqN deh jgrh gSA /ku vkSj dqVqEc dk fo'ks""k lq[k feyrk gSA jkT;] firk vkSj jkstxkj ds lEcU/k esa lq[k lg;ksx] çfrf""Br ,oa ykHk dh miyfC/k gksrh gSA thou lkFkh ds lkFk lEcU/k lkekU; ugha jgrsA 'k=q Ik{k ij prqjkbZ vkSj 'kkfUr ds lkFk lQyrk feyrh gSA O;; dh vf/kdrk ls lq[k pSu esa O;o/kku vkrk gSA xqIr ;qfr ds }kjk O;fDr dks /ku ykHk gksrk gSA HkkbZ&cgu dk lq[k Hkh feyrk gSA tkrd fn[kkos dk thou thrk gSA fo|k] cqf) vkSj lUrku Ik{k ls lQyrk feyrh gSA ,oa viuh ;ksX;rk ls og lEeku vftZr djrk gSA HkkbZ&cgu ,oa fe= Hkh vkfFkZd :Ik ls O;fDr dks Ik;kZIr ykHk fnyokrs gSA 
fonsf';ksa ls Hkh O;fDr;ksa dks vPNh vk; ds L=ksr feyrs gSA ,oa ?kj [kpZ mldh otg ls vPNk pyrk gSA tkrd uhfrK] 'khyoku] fopkj'khy] lekt esa çfrf""Br] n;koku] /kkfeZd ,oa iq.;kRek gksrk gSA ,sls tkrd dQ ç/kku ço`fÙk okys gksrs gSA","There is a dearth of happiness from mother, land, house, vehicle and in-laws. But you get all benefit from money and family. You get happiness, cooperation and respect from state, father, and employment. Your relations with your spouse are strained. You gain an upper hand on opposition due to cleverness and peace. Expenses are a cause of strain. The person gains monetarily due to some secret venture. He enjoys cooperation of his siblings, and spends a life of pomp and show. The person gains from education, intelligence and progeny. He gains respect due to his ability. Siblings and friends help him economically. Such persons gain from relations with foreigners. Such persons are principled, intelligent, respected, religious, compassionate and good souls."
17,4,5,"tkrd dh lUrku 'kkjhfjd lkSUn;Zokyh] /kS;Zoku ,oa fo|k cqf) esa cgqr vxz.kh gksrh gSA vk; dk Js""B ;ksx curk gSA ,sls tkrd dks fo}ku] lUrfroku] /kuh ,oa iw.kZ lq[kh dgk tkrk gSA 'k=q Ik{k ij xqIr pkrq;Z ds vuqlkj lQyrk çkIr dh tkrh gSA vk; ls vf/kd [kpZ jgus ds dkj.k ,sls tkrdks dks efLr""d esa ijs'kkuh cuh jgrh gSA le>nkj] okdiVqrk esa fuiq.k rFkk jktuhfrK] ;'kLoh] /kuh] çfrf""Br] vuq'kklu fç; rFkk gqdwer ilUn gksrs gSA vk;q vkSj iqjkrRo dk mÙke ykHk feyrk gSA fdlh fo'ks""k dyk ds tkudkj gksrs gSA rFkk thou Ik;kZUr L=h ds çHkko esa jgrs gSA rFkk eqdnesa vkfn ls ykHk mBkrs gSA ,sls O;fDr ok.kh dk /kuh gksrk gSA","The progeny of this person will be bodily beautiful, confident, educated and intelligent. A good source of income is on the cards. Such a person is called intelligent, diligent, rich and happy from all sides. He overcomes all opposition through secret intelligence. Such persons are constantly under mental strain due to over expenses and limited income. Good oratorical skills, diplomacy, respected, rich, intelligent, such persons also lead a principled life and are good administrators. They get maximum benefit of age and inheritance and also possess special skills. They are influenced by the opposite sex and derive benefit from legal cases. Such people are good spokespersons."
18,4,6,"L=h] O;olk;] dqVqEc rFkk /ku ds {ks= esa lkekU; lQyrk çkIr gksrh gSA 'k=q Ik{k ls ijs'kkfu;ka vkrh gSA O;; esa c<+ksrjh jgrh gSA 'kkjhfjd lkSUn;Z esa Hkh dqN deh gksrh gSA ekek ls ykHk feyrk gSA lHkh >a>Vksa esa Qals jgus ds ckotwn tkrd çrkih rFkk LokfHkekuh gksrk gSA dHkh&2 mls xqnsZ dh leL;k ls xzLr jguk iM+rk gSA lUrku Ik{k es ck/kk rFkk fo|k v/;;u ds {ks= esa dfBukbZ;ksa dk lkeuk djuk iM+rk gSA ek= Ik{k ls v'kkfUr feyrh gSA ykHk ds ekxZ esa Hkh dqN O;o/kku vkrs gSA firk ds lkFk lkekU;r% erHksn jgrs gSA ijUrq jkstxkj ds {ks= esa eku&çfr""Brk feyrh gSaA /keZ esa v:fp jgrh gSA [kpZ dh vf/kdrk ds dkj.k ekufld fpUrk;sa ges'kk cuh jgrh gSA O;fDr fn[kkos dk thou thuk ilUn djrk gSA blfy, mls x`gLFkh ds lapkyu esa dfBukbZ;ka vkrh gSA dbZ tkrdks dks firk ds }kjk çR;sd {ks= esa gj çdkj dh 'kfDr ,oa lk/ku çkIr gksrs gSA ekrk ds lq[k esa ykHk feyrk gSA tkrd prqj ,oa cqf)eku gksrk gSA nksLrksa ds }kjk vkfFkZd :Ik ls gkfu lgu djuh iM+rh gSA","He gets average success in the spheres of opposite sex, business, family and money. Opposition troubles them. Expenditure is always on the rise. They lack in physical beauty but gains are in store from the maternal uncle's side. Though entangled in various problems, such persons have a lot of self-respect. They sometimes suffer from kidney ailments. They face certain difficulties in the spheres of education and progeny. They have strained relations with their parents. But they get all respect and rise up in employment. Such persons are no interested in religion. Expenses are a source of constant strain to them and that is why family life is tensed. Some persons may get all help and cooperation from their fathers in all the spheres. Such persons are clever and intelligent."
19,4,7,"'kkjhfjd lkSUn;Z] dk;Zdq'kyrk ,oa eku&çfr""Bk] L=h rFkk O;olk; ds {ks= esa fo'ks""k :Ik ls lQyrk feyrh gSA /ku vkSj dqVqEc dk lq[k feyrk gSA pkrqjkbZ] xqIr ;qfDr;ksa rFkk ijs'kkfu;ksa ds lkFk bfUnz;ksa Hkksx vkfn esa Hkh lQyrk feyrh gSA  cgqr ls tkrdks dks bfUnz; fodkj Hkh lEHko gksrk gSA 'kjhj esa fdlh Hkh çdkj dh gj le; chekjh cuh jgrh gSA ykSfdd dk;Z ds lEiknu esa n{k gksrk gSA ,sls tkrd dh L=h cqf)eku vkSj prqj gksrh gS rFkk og vius nSfud [kpksaZ dks cM+h gksf'k;kjh ls pykrh gSA dHkh&2 L=h Ik{k ls dys'k vkSj fpUrk;sa Hkh çkIr gksrh gSA ijUrq L=h tkfr ls iw.kZ lEeku feyrk gSA tkrd /kuh lq[kh] Hkksxh] ;'kLoh rFkk dk;Zdq'ky gksrs gSaA x`gLFkh dk dq'kyrkiwoZd lapkyu djusokyk] ;'kLoh] 'kkjhfjd çHkkookyk] Åaps eukscy] iq:""kkFkZ] cgknqj] U;k;fç; rFkk gqdwer djus okyk gksrk gSA ,sls tkrd /ku o`f) ds fy, 'kkjhfjd lq[k dh fpUrk ugha djrsA ,sls tkrd HkkX;ks mUufr ds fy, gj {k.k ç;Ru'khy jgrs gSA rFkk /keZ dk Hkh iw.kZ :Ik ls ikyu djrs gSA","Beautiful body, respected at work, such persons are always successful with opposite sex and in business. He gets full happiness from family and wealth. He enjoys life through cleverly devised secret plans. Many persons may suffer deformity of organs and some disease constantly. But such people are worldly wise. The wife of such a person is intelligent and clever and spends money cleverly. Sometimes relations with opposite sex can be strained. But they get all respect from them. The person is healthy, wealthy and, wise is successful, respected and runs his family life intelligently. He has high self-confidence, is courageous, principled and a good administrator. Such a person does not care about bodily comforts when earning and constantly strives so as to make his luck shine."
20,4,8,"tkrd dks nh?kkZ;q ;ksx rFkk iqjkrRo dh 'kfDr fo'ks""k :Ik ls çkIr gksrh gSA ijUrq thou lkFkh rFkk O;olk; ds {ks= esa vf/kd dfBukbZ;ksa dk lkeuk iM+rk gSA dfBu ifjJe ds }kjk /ku dh çkfIr gksrh gSaA prqjkbZ ls çfrf""Brk çkIr djrk gSA 'kkjhfjd lkSUn;Z esa deh jgrh gSA lkekU;r% ,sls tkrd mnj fodkj ls ihfM+r gksrs gSA ekek dk Ik{k Hkh detksj jgrk gSA tkrd cgqr ifjJeh rFkk dwVuhfrK gksrs gSA lUrku vkSj fo|k ds {ks= esa dfBukbZ;ksa dk lkeuk djuk iM+rk gSA /ku o`f) ds fy, fo'ks""k ç;Ru'khy jgrk gSA ijUrq /ku dk lap; ugha gks ikrkA dqVqEc dk lq[k Hkh fo'ks""k çkIr ugha gksrkA thou lkFkh laxhr fç; ,oa e`nq ok.kh dk /kuh gksrk gSA ,sls tkrdks dh mUufr fons'k esa jgdj gh gksrh gSaA jkT; Ik{k ls lQyrk ,oa lEeku dh çkfIr gksrh gSA HkkbZ&cgu rFkk firk dk vYi lq[k çkIr gksrk gSA /keZ dk ;Fkkor~ ikyu ugha gksrkA /ku miktZu Bhd jgrk gSaA tkrd cM+h prqjkbZ ls dke ysdj viuh çfr""Bk cpk, jgrk gSA fo|k dh deh jgrh gSA jktdh; {ks= esa Hkh lEeku de feyrk gSA ,sls O;fDr cMs+ ykijokg gksrs gSA",The person is blessed with a long life and benefits from inheritance but faces some difficulties in the spheres of employment and life partner. He gains respect through cleverness. He may not be bodily beautiful and suffer from stomach related ailments. The person is very hard working and diplomatic. He may face problems in areas of progeny and education. He is striving constantly o increase wealth but is unable to create wealth. He does not get any special favors from his family. The spouse of such a person is musically inclined and soft-spoken. He gets small favors from his siblings and father. He does not follow religion. The person tries to gain respect cleverly and lacks in education.
21,4,9,"tkrd cM+k HkkX;oku] /kekZRek rFkk prqj gksrk gSA mls L=h] x`gLFkh] dqVqEc] HkkbZ&cgu ,oa fe=ksa dk iwjk lg;ksx ,oa lq[k feyrk gSA /keZ ikyu esa dqN dfBukbZ;ksa ds lkFk :fp ysrk gSA 'k=q Ik{k ij Hkh vPNk çHkko cuk jgrk gSA lUrku dk lq[k feyrk gSA viuk cqf)erk ds }kjk ckgjh laidZ ls ykHk mBkrk gSA ,sls tkrd HkkX; dks vius iq:""kkFkZ ls cM+k ekurss gSA /kuh] lq[kh rFkk HkkX;oknh gksrs gSA firk] jkT; rFkk O;olk; ds {ks= esa vR;f/kd 'kfDr lQyrk] lEeku] lq[k rFkk lg;ksx dh çkfIr gksrh gSaA tkrd ln~xq.kh] prqj] fgEeroku] ifjJeh rFkk lq[kh gksrk gSA O;fDr 'kkjhfjd lkSUn;Z rFkk vkpkj.k'khy] nh?kkZ;q gksrk gSA lkekU;r% T;knkrj tkrdks dk çse fookg gksrk gSA x`gLFk thou iw.kZr%lq[kh gksrk gSaA tkrd viuh mUUkfr ds fy, fujUrj ç;Ru'khy gksrk gSA","The person is very lucky, religious and clever. He gets full cooperation and happiness from women, family, siblings and friends. He takes little interest in matters of religion and makes an impact on opposition. He is happy from his progeny. He through his intelligence gains from external relationships. Such persons consider their luck to be more effective than their hard work. Rich, happy and relying on luck, such people get a lot of benefit from father, state, and business and are highly successful and get a lot of respect and cooperation from all sides. The person is clever, courageous, hard working, and happy. Such persons are principled and have a long life. Generally, such persons go in for a love marriage. Their married life is very happy and the person constantly strives to rise up in life."
22,4,10,"tkrd dks firk] jkT; ,oa jkstxkj ls ykHk feyrk gSA ekrk] Hkwfe] Hkou] okgu] llqjky vkfn dk Hkh lq[k feyrk gSA ,sls tkrd vgadkjh] /kuh] lq[kh] cM+s&2 Hkw[k.Mksa ds Lokeh] ;'kLoh rFkk L=h dk ije lq[k ikusokys gksrs gSA fe=ksa rFkk HkkbZ&cguksa ds lkFk dqN oSeuL; cuk jgrk gSA 'k=q Ik{k ij fot; gkfly gksrh gSA iSÙk`d lEifÙk dh gkfu mBkuh iM+rh gSA vgadkjh LoHkko ds dkj.k ckjEckj gkfu mBkrk gSA tkrd J`axkj çseh] mUUkfr'khy] HkkX;'kkyh] prqj rFkk ,s'o;Z'kkyh gksrk gSA thou vkUkUn ls O;rhr gksrk gSA fo|k ds {ks= esa lQyrk feyrh gSA rFkk okd 'kfDr esa o`f) gksrh gSA ,sls tkrdks dk ?kj ds Hkhrj ,oa ckgj lHkh txgksa ij çHkko cuk jgrk gSA og gdwer] U;k;fç; vkSj cqf) pkrq;Z ds }kjk mUUkfr djus okys gksrs gSA mudk jgu&lgu vehjh <ax dk gksrk gSA iq:""kkFkZ }kjk  lQyrk,a muds dne pwerh gSA","The person gains from father, government and employment. He also gets benefits from mother, land, house, vehicle and in-laws. Such persons are egoists, rich, happy landowners respected and get maximum happiness from the opposite sex. He faces some opposition from his siblings and friends but gains an upper hand on all opposition. Sometimes may face losses in paternal property. The egoist nature leads to troubles often. The person likes to dress well, is lucky, clever and generally leads a happy satisfied life and spends life at ease. He is successful in the field of education and is a good orator. Such persons make an impact, both inside and outside their homes. They rise up in life due to intelligence, cleverness and good administration and have a lavish life style."
23,4,11,"L=h rFkk O;olk; Ik{k ls lq[k feyrk gSA tkrd dks thou Ik;kZUr /ku dk Ik;kZIr ykHk feyrk gSA fo|k cqf) rFkk lUrku ds {ks= esa cM+h prqjkbZ ls lQyrk feyrh gSA tkrd lq[kh] LokFkhZ] prqj] cqf)eku] ifjJeh rFkk vU; ç;Ruksa ls Ik;kZIr /ku miktZu djusokyk gksrk gSA 'kjhj ls lqUnj gksrs gq, Hkh jksxh cuk jgrk gS ,oa fo|k v/;;u esa ykijokgh jgrh gSA NksVh ls NksVh lQyrk ds fy, Hkh tkrd >wB dk lgkjk ys tkrk gSA vkenuh dh cgqrk;r gksus ds ckotwn [kpZ ij fu;U=.k ugha jg ikrkA ftldh otg ls ekufld ijs'kkfu;ka mBkuh iM+rh gSA ,sls tkrd viuh ok.kh ls lHkh dks çHkkfor dj ysrs gSA og cM+s HkkX;oku] /kekZRek] U;k; çseh] dqVqEc ls lq[k lEiUu rFkk ;'kLoh gksrs gSA lq;ksX; gksus ds dkj.k thou vkuUn ls O;rhr gksrk gSA eqdnesa ckft;ksa dh ijs'kkfu;ka lguh iM+rh gSA xq.kksa ds cy ij og loZ= lEeku çkIr djrk gSA ,sls O;fDr LokFkZ fl) djus esa dq'ky gksrs gSA","The person gets happiness from employment and opposite sex. The person gets good monetary benefits at he later stages of his life. He is cleverly successful in the spheres of education, intelligence and progeny. The person is happy, selfish, intelligent, clever, hard working, and has the potential to earn money through diverse tasks. Though having a beautiful body, the person suffers from some disease and is not serious towards education. The person relies heavily on lies to be successful even in small things in life. Though having several earning options, the person has no control over expenses, which cause him a lot of mental tension. Such persons make an impact on all through their speech. They are lucky, religious, law abiding and get all happiness and respect from family. They spend their lives with ease. Because of their character, they are respected all over."
24,4,12,"tkrd vR;f/kd [kphZys gksrs gSaA ckgjh lEcU/kksa ls cM+h prqjkbZ ds lkFk O;olk; ,oa ykHk çkIr djrs gSaA Hksn uhfr ls viuk dk;Z fudkyrs gSA lkekU; thou la?k""kZiw.kZ jgrk gSA 'kjhj esa dqN nqcZyrk jgrs gq, Hkh O;fDr cgqr ifjJeh gksrk gSA ekrk dk Ik{k Hkh detksj jgrk gSA tkrd /kuksiktZu djus esa n{k] prqj] jksxh] rFkk 'k=qvksa }kjk gkfu mBkusokyk gksrk gSA fo|k vkSj lUrku Ik{k ls Hkh dqN deh vkSj ijs'kkuh cuh jgrh gSA efLr""d esa lSadM+ksa fpUrk;sa cuh jgrh gSaA cgqr ls tkrdks dks fons'k eas jguk iM+rk gS rFkk muds lHkh çdkj ds lq[k esa deh vkrh gSA ijkØe ds cy ij O;fDr >xM+s&>a>Vksa rFkk dksVZ vkfn esa fot; ikrk gSA /ku dk laxzg ugha gks ikrk vkSj iSfÙk`d lEifÙk çkIr djus ds fy, dbZ çdkj ds ;Ru djus iM+rs gSA HkkX; mUufr esa ck/kk vkrh gSA 'kkjhfjd :Ik ls detksj gksus ds dkj.k dbZ ckj thou ij ladV vk tkrk gSA iqjkrRo {ks= ls Hkh dksbZ fo'ks""k ykHk ugha feyrkA ,sls tkrd la?k""kZiw.kZ thou O;rhr djrs gSaA mudh mUufr esa dqN foyEc gksrk gSaA /keZ ikyu rFkk ;'k ds {ks= esa deh cuh jgrh gSaA dbZ ckj ekrk dk fo;ksx NksVh vk;q esa gh laHko gksrk gSA thou lkFkh ls Hkh lkekU;r% ruko cuk jgrk gSA tkrd >xM+ksa ls cps jgus dk ç;Ru djrk gSA","The person is a spend drift. They derive maximum benefits cleverly in business through external relations and get their work done diplomatically. Their everyday life is quite hectic. Though bodily weak, they are hard working. Their mother's side is also weak. The person cleverly earns his livelihood, suffers from diseases and is harmed by enemies. He lacks in education and in the sphere of progeny faces problems. Many persons have to stay abroad and lack family happiness. He is unable to accumulate wealth and faces problems in acquiring parental property. He faces a lot of difficulties in his luck and does not get any benefit from inheritance. He lacks respect and religion."
25,7,1,"tkrd ds 'kkjhfjd lkSUn;Z çHkko rFkk çfr""Bk vkfn esa dqN deh jgrh gSA vkenuh vkSj jkT; ds {ks= esa Hkh dfBukb;k¡ vkrh gSA vkSj HkkbZ&cgu ds lq[k rFkk ijkØe dh o`f) gksrh gSA L=h vkSj O;olk; dsz {ks= esa fo'ks""k lQyrk feyrh gSA firk dh rjQ ls eku&çfr""Bk FkksM+h feyrh gSA vki n`<+&fu'p;h nwljs ds O;fDrRo dks çHkkfor djus okys rFkk ftíh LoHkko ds gSA thou esa viuh dk;Zdq'kyrk dh otg ls uke ikus okys gSA vkidh Luk;q nqcZy gks ldrh gSA rFkk fo|k esa vM+pu vk ldrh gSA vki dkQh HkkX;oku gSA vki nh?khZ;q gS rFkk /kkfeZd dk;ksZa esa cgqr :fp gSA vkids nk;sa ?kqVus ij dHkh&dHkh pksV yxrh gSA vki n;koku vkSj /kS;Zoku gSA vki cgqr çfrf""Br vkSj dqVqEc lq[k ls ifjiw.kZ gSA vkidks O;olk; mUufr ds fy, dfBu ifjJe djuk iM+rk gSA dHkh&dHkh dfBu chekjh ds f'kdkj cu ldrs gSA 
tkrd dQ çÑfr ç/kku gksrk gSA rFkk peZ jksx gksus dh Hkh laHkkouk cuh jgrh gSA
'kfu vxj mPp ds gks rks tkrd 'kL= fo|k vFkok /kuqfoZ|k }kjk thfodk miktZu djus okyk] lc çdkj ds okguksa ls ;qDr] n`<&eS=h djus okyk] lkglh] yksdfç;] yksdçfl) lEekfur] /kwrZ rFkk ek;koh gksrk gSA
'kfu uhp dk gks rks tkrd vfXu ds leku dkfUrokyk] LorU= fopkjd] LosPNkpkjh] uxj&xzke dk vkfnA mPpkf/kdkjh] 'k=qt;h] lqUnj] papy LoHkko] lq[kh rFkk L=h&iq= dk cU/kq&ckU/koksa vkfn ls ;qDr gksrk gSA","The person lacks in beauty and respect and faces difficulty in matters of government and in generating income. The happiness of his siblings increases. He gets special success with opposite sex and in business. He gets a little attention from his father's side. You are highly confident, head strong, and can influence others. You may face some problems in areas of education. You are quite lucky and have a long life and are religiously inclined. You may injure your right knee. You are compassionate and confident. You are respected and have a happy family life. You have to work hard to succeed in business. You can suffer from diseases, especially skin diseases. If Saturn is in the upper house, then the person may earn through archery or arms, will have all kinds of vehicles, have strong friendships, is popular, respected, selfish and a mystic."
26,7,2,"bl Hkko esa 'kfu tkrd dks vfM+;y fnekx firk ls /ku lEifÙk ikus okyk 'kjkc dk lsou djus okyk thou Hkj la?kZjr~ jgus okyk rFkk thou esa ck;sa iSj ij ,d ;k nks ckj pksV [kkus okyk gksrk gSA vkfFkZd {ks= esa lQyrk feyrh gSA dqVqEc dh o`f) gksrh gSA ekrk ds O;ogkj ls rFkk Hkwfe vkSj Hkou ds lq[k esa dqN ijs'kkuh vkrh gSA ,sls tkrd dks iqjkrRo dk ykHk rks feyrk gSA ijUrq fnup;kZ esa v'kkfUr cuh jgrh gSA jkT; ls lEeku rFkk çHkko esa o`f) gksrh gSA O;fDr dh vkenuh cgqr gksrh gSA vk;q dh o`f) gksrh gSA ,slk tkrd /keZ dh vis{kk /ku o`f) esa rRij yxk jgrk gSA ,slk tkrd LokFkhZ vkSj lTtu gksrk gS ,oa dqVqEc esa mls HkkX;oku ekuk tkrk gSA ,sls O;fDr vehjh ls viuk thou O;rhr djrs gSA ,sls O;fDr viuh cqf) vkSj foosd ls thou esa vPNs m|eh cu tkrs gSA ,sls O;fDr dks vkdfLed yu ykHk Hkh gksrk gSA HkkbZ&cguksa rFkk fe=ksa ds lkFk O;fDr dks de lq[k çkIr gksrk gSA 'kkjhfjd lkSUn;Z Bhd&Bhd jgrk gS rFkk ckgjh LFkkuksa esa çfr""Bk jgrh gS ijUrq ?ksjyw lq[k esa deh jgrh gSA","Saturn in this house makes the person head strong, gets paternal property and wealth and the person drinks a lot. He has to work very hard and can suffer injury in his left foot. He is economically successful. His family increases. He faces certain difficulties through land, house and mother's behavior. He gets the benefit of inheritance. But his everyday life is not peaceful. He gets respect from the govt. and his influence increases. Such a person earns a lot and is more inclined towards earning more than towards religion. Such a person is considered lucky in the family, is selfish but a gentleman. He spends his life lavishly. Such persons can become good businessmen through their intelligence and acumen. They may suddenly get monetary gains. He does not get full support of his siblings and friends. He remains bodily fit and is respected all over."
27,7,3,",sls tkrd viuh vkenuh ls T;knk [kpkZ djrs gSA HkkbZ&cgu dk iw.kZ lq[k çkIr gksrk gSA vkylh gksrs gSA rFkk fnekxh vkSj ekufld ijs'kkuh cuh jgrh gSA firk ,oa jkT; ls lq[k lEeku çkIr gksrk gSA fo|k vkSj lUrku ds {ks= esa dqN dfBukbZ;ksa ds lkFk lQyrk feyrh gSA HkkX; e/;e jgrk gS rFkk /keZ ds {ks= esa v:fp jgrh gSA ckgjh lEcU/kksa (fons'k) ls Hkh O;fDr dks vlUrks""k çkIr gksrk gSA if'pe fn'kk esa tkus ij ;k jkstxkj djus ij ,sls tkrd dk HkkX; mn; gksrk gSA nSfud [kpZ ds {ks= esa dfBu ifjJe }kjk fo'ks""k mUufr feyrh gSA L=h Ik{k esa cgqr çHkko jgrk gSA ,sls tkrd dks vi;'k çkIr gksrk gS rFkk 'k=q Ik{k cyoku gksrk gSaA","Such persons spend more than their incomes. Though they get full cooperation of their siblings, they are lazy and suffer from mental tensions. They get happiness and respect from their father's side, government. In the spheres of progeny and education, they face success, albeit with some problems. Such persons have a mediocre luck and do not have a religious bend of mind. Such a person's luck shines when he travels towards west and he rises in life. He is able to influence the opposite sex but such a person may have strong enemies."
28,7,4,"tkrd dk jax lkaoyk gksrk gSA ukSdjh vPNh gksrh gSA nk;ha Vkax esa pksV vFkok isV dk vkWijs'ku gksus dh lEHkkouk gksrh gSA tkrd dks ekrk vkSj Hkwfe ds lq[k esa vlUrks""ktud lQyrk çkIr gksrh gSA ijUrq lq[k lk/kuksa esa o`f) gksrh jgrh gSA 'k=q Ik{k ij çHkko cuk jgrk gS vkSj mlls ykHk Hkh feyrk gSA jkT;] firk rFkk O;olk; ds {ks= esa gj çdkj dk lq[k lg;ksx lEeku rFkk ykHk dh miyfC/k gksrh gSA /keZ ikyu ds {ks= esa mnklhurk jgrh gSA ekek ds Ik{k ls ykHk çkIr gksrk gSA rFkk 'kkjhfjd lkSUn;Z çHkko esa o`f) gksrh gSA tkrd HkkX;'kkyh ,oa çfrf""Br ekuk tkrk gSA ,sls tkrdksa dh ok.kh rst gksrh gSA O;kikj esa lk>snkjh djus ij de ykHk feyrk gSA rFkk dqN ijs'kkfu;ksa ds ckn lQyrk fey tkrh gSA 'kjhj esa jksx vkSj fpUrk dk fuokl jgrk gSA vki ;'kLoh rFkk lq[kh gSA /ku] dqVqEc dk lq[k Hkh de feyrk gSA 'k=q Ik{k ls >xM+ksa&>a>Vksa esa lQyrk feyrh gSA vkRecy dh o`f) gksrh gSA rFkk /ku&lap; ds fy, tkrd çR;u'khy cuk jgrk gSA","The person is dark complexioned but has a good job. He may suffer from an injury to his right leg or undergo an operation of the stomach. The person does not get any benefit from land or mother but his materialistic comforts increase. He is able to suppress opposition and gains from it. He gets full cooperation, respect and success from state, govt. father and business. He is not inclined towards religion. The person gains from his maternal uncles. The person is considered smart, beautiful, lucky and well to do. Such a person has a sharp tongue. If in business through partnership, the person may face losses. But rises in life after some difficulties. He lacks family happiness and money."
29,7,5,"fons'kh Hkk""kk dk vPNk Kku gksrk gSA lUrku dks d""V jgrk gSA tkrd ;'kLoh cqf)eku rFkk /kS;Zoku gksrk gSA lq[k&le`f) ls ifjiw.kZ gksrk gSA thou lkFkh rFkk nSfud O;olk; ds {ks= esa ykHk gksrk gSA cqf) rFkk lUrku ds lg;ksx ls vk; esa o`f) gksrh gSA firk }kjk iw.kZ lg;ksx rFkk ykHk feyrk gSA ok.kh rst gksrh gSA ijkØe esa o`f) gksrh gSA iSfÙk`d lEifÙk d""V ls ;k nsj ls feyrh gSA viuh cqf) rFkk ok.kh ds cy ij vki ;'k çfrf""Br rFkk lQyrk,a çkIr djrs gSA dqVqEc lq[k esa vYi ifj.kke feyrk gSA /ku lap; esa deh jgrh gSA tkrd viuh xqIr ;qfDr;ksa ds cy ij 'k=q Ik{k esa lQyrk çkIr djrk gSA og viuh cqf) ,oa ifjJe }kjk ykHk vftZr djrk gSA ,sls tkrd l?ka""kZiw.kZ rFkk d""V esa thou fcrkrs gSA ,sls tkrd okpky] prqj rFkk gksf'k;kj gksrs gSA tkrd ckrphr djus esa :[kk rFkk nqjko&fNiko j[kus okys gksrs gSA lkekU;rk vlUrks""k jgrs gq, Hkh tkrd L=h esa fo'ks""k vuqjDr jgrk gSA","The person is fully conversant in a foreign language but his progeny suffers. The person is respected, intelligent, and has patience and is over all happy and contented. He leads a happy everyday life and has an understanding spouse. He is able to increase his income due to his intelligence and with the help of his progeny. He gets all cooperation and gains from his father. He has a sharp tongue. He gets paternal property quite late. You gain respect and success through your intelligence and speech and are able to overcome all opposition through secret deals. Such persons gain through intelligence and hard work. They have a difficult and a highly-strung everyday life."
30,7,6,"tkrd eqdn~esa ckth esa ;k Fkkuksa ds pDdj esa iM+ tkrk gS ;k bu LFkkuksa esa ls fdlh ,d txg ukSdjh djrk gSA bl Hkko esa 'kfu ds gksus ls tkrd ds nqHkkZX; dk tUe gksrk gSA ufugky Ik{k ls dksbZ Hkh ykHk ugha feyrk gSA rFkk nksuksa ?kqVuksa esa nnZ dh leL;k mez ls igys cu tkrh gSA tkrd dk vius firk ls oSeuL; jgrk gSA rFkk jktdh; ekeyksa esa Hkh vlQyrk feyrh gSA vkenuh vPNh jgrh gSA vkSj 'k=q Ik{k ij fot; Hkh tYnh fey tkrh gSA nh?kkZ;q ;ksx gksrk gS rFkk iqjkrRo 'kfDr dk dqN dfBukbZ;ksa ds lkFk ykHk gksrk gSA ,sls tkrd ds ijkØe esa Hkh deh vkrh gSA vkSj /ku lap; dks""k fnu çfrfnu de gksrk  tkrk gSA ,sls tkrd dks HkkbZ cguksa dk lq[k feyrk gS rFkk oks cgqr +çHkko'kkyh gksrs gSA okgu ls nq?kZVuk dk Hk; cuk jgrk gSA ,sls O;fDr fn[kkos ds fy, /kekZpj.k djrs gSA iw.kZ ifjJe djus ij Hkh /ku ykHk de gksrk gSA dbZ ckj tkrd dh nh?kZdkyhu chekjh ls vk;q ij ladV fn[kus yxrk gSA",The person is entangled in court cases or police stations or works here. Because of Saturn the person is unlucky. He does not get any benefit from his mother's side. His knees ache much before his age. The person is anti father and is unsuccessful in matters related to govt. His income is good and is able to overcome opposition soon. The person has a long life and gets inheritance by facing some difficulties. Such people find his influence going down and level of money decreasing. Such a person gets full cooperation from his siblings and they are highly influential. Such a person may be accident-prone. Such people follow religion just to show off. Even if they work hard they are not justly rewarded.
31,7,7,"nSfud vk; vPNh gks] L=h ls lEcU/k Bhd u jgs] ekufld ruko gks vkSj O;kikj esa rjDdh gksA firk ,oa jkT; ls cgqr ykHk feys 'kkjhfjd lkSUn;Z detksj jgsA ân; esa v'kkfUr cuh jgsA HkkX;o`f)] ;'k ykHk rFkk /keZ ikyu ds {ks= esa dqN dfBukbZ;ka jgsA eka] Hkwfe] Hkou rFkk okgu vkfn ds lq[k esa dqN deh jgsA llqjky Ik{k ls iw.kZ leFkZu u feysA lUrku Ik{k leFkZu u ns rFkk vius cqf) foosd dk iw.kZ bLrseky u dj ldsA fnekxh Ik{kk?kkr~ Hkh gks ldrk gSA [kkunku ifjokj ls vucu cuh jgsA veqeu ,sls tkrdks ds thou esa dbZ ckj mrkj&p<+ko vkrk gSA O;fDr ds psgjs dh dkafr dk àkl gks tkrk gSA O;fDr viuh fo|k ds vk/kkj ij vkthfodk pykrk gSA O;fDr dk 'kkjhfjd dn yEck gksrk gSA ,sls O;fDr vkeksn&çeksn okys gksrs gSA LFkku ifjorZu dh laHkkouk cuh jgrh gSA dbZ fLFkfr;ksa esa tkrd dks fo'ks""k :Ik ls vius thou lkFkh ls vkfFkZd rFkk Ikkfjokfjd uqdlku gksrk gSA","Good daily earnings, strained relation with wife, mental tension and increase in business, such persons gain a lot from govt. and father but lack body beauty. Certain difficulties in luck, influence and in religious matters.  Some dearth of happiness from mother, land, house and vehicle. Does not get full cooperation from in-laws or either from his progeny. Such a person can get mental abrasions and also not get full support from his family. He faces many ups and downs in life. The person earns his livelihood through his education. Such a person is tall and loves to enjoy life and laughter. Change of residence is also on the cards."
32,7,8,"tkrd nh?kkZ;q gksA mldh nk;h vka[k ls ikuh cgrk gksA iSfÙk`d lEifÙk d""V ls feys ck;sa ?kqVusa o ck;sa iSj esa tkrd detksjh eglwl djsA lUrku ls vf/kd çse gks jkstxkj esa tYnh LFkkukiUu gksA lqljky Ik{k ls dksbZ lgk;rk u feysA iqjkrRo foHkkx }kjk ykHk feysA firk Ik{k ls vLkUrks""k rFkk jkT; ,oa O;olk; ls lkekU; ykHk feysA vkfFkZd fLFkfr detksj jgsA rFkk Lotuksa dk lg;ksx iw.kZ u feysA fo|k ds {ks= esa :dkoVsa vk,a ,slk O;fDr lnSo fpfUrr cuk jgsA ,sls tkrd dks Lo;a dk edku ugha cukuk pkfg,A cus gq,s edku dks [kjhn ysaA 'kkjhfjd lkSUn;Z rFkk LokLF; Bhd jgsA nSfud thou esa lq[k lg;ksx lEeku mUufr rFkk ykHk dh miyfC/k d""V ls gksA tkrd dks HkkbZ&cgu ls fdlh Hkh çdkj dk lq[k ,oa lg;ksx u feys ,oa ijkØe dh deh jgsA /ku&lap; d""V ls gksA /kuksiktZu ds fy, fo'ks""k ifjJe djuk iM+sA ,sls tkrd ij >qBs vkjksi vfr 'kh?kz yxsA mldh ok.kh rst jgsA efnjk dk lsou djus okyk gksA fonsf'k;ksa ls dke djus ij lQyrk feysA nSfud thou 'kkunkj jgsA thou lkFkh ls iw.kZ lq[k u feysA 'k=q Ik{k ls ijs'kkuh jgsA","The person has a long life. He may have trouble in his right eye. The person gets paternal property after difficulty and may suffer weakness in his left knee or foot. Person loves his children and finds employment very fast. Does not receive anything from in-laws. Inheritance may bring in some gains but shares an unsatisfied relationship with father and may get small gains from govt. or business. A weak economic condition and does not get cooperation of friends. Such a person faces hardships in education. He should not construct his own house but buy a readymade house. He remains strong and healthy. In everyday life, he finds happiness, respect and material gains after certain hardships. Does not get any cooperation from his siblings. He has to work very hard in generating income. Such a person may be blamed falsely very fast. He has a sharp tongue and drinks a lot. He gains when in contact with foreigners."
33,7,9,"tkrd v/;kReoknh] dfo] ys[kd ;k 'kkL= dk Kkrk gks HkkX; rsth ls mn; gks #Ik;k iSlk gkFk esa ugha :dsA NksVs HkkbZ&cgu ls çse esa deh jgsA nk;sa ?kqVus ls ijs'kkuh jgsA vk;kr&fu;kZr ds dk;Z esa /ku dh vPNh çkfIr gksA ,sls O;fDr ds HkkX; dh mUufr 'kq: esa de vkSj ckn esa [kwc gksrh gSA /keZ dk ikyu Hkh FkksM+k cgqr gksrk gSA firk vkSj jkT; ls lkekU; ykHk gksrk gSA /ku vkSj ,s'o;Z dh o`f) gksrh gSA ijkØe dh o`f) rFkk HkkbZ dk lq[k feyrk gSA 'k=q Ik{k ij çHkko cuk jgrk gS rFkk gj {ks= esa 'k=q Ik{k ij fot; feyrh gSA vkthfodk miktZu gsrq O;fDr dks dbZ ckj v:fp iw.kZ dk;Z djus iM+rs gSA ,slk djus ij mls vPNk /ku ykHk gksrk gSA ekek }kjk fo'ks""k /ku ykHk gksrk gSA Lotuksa ls iw.kZ:Ik ls ykHk ugha fey ikrk ,slk tkrd ifjJe }kjk mUufr djus okyk] ykHk ikusokyk] /kuh] /kkfeZd rFkk ;'kLoh gksrk gSA ,sls tkrd fn[kkoVh :Ik ls viuk thou thrs gSaA dbZ ckj tkrdks dks O;kikfjd lk>snkjh esa cgqr vf/kd equkQk feyrk gSA","The person is a poet, mystic, writer or a laureate. His luck shines very fast but is unable to control his money. The person suffers from his left knee and has less affection for his younger siblings. The person can earn a lot through import and exports. Such a person initially has little luck but his luck shines later on. He is marginally religious. He gets some gains from his father and govt. Increase in money and wealth, influence and gets full cooperation of elder brother. Is able to make an impact on opposition and finds success. You have to perform many tasks unsuited to your tastes and temperament just to make money. This brings in monetary gains. He gets special monetary benefits from his maternal uncles but is unable to get full cooperation of his friends. Such a person rises up in life due to hard work, is rich, religious and is respected."
34,7,10,"tkrd dks fons'k Hkze.k djus dk 'kkSd gksA tkrd dh 'kCnksa ij vPNh idM+ gksA ukSdjh LFkk;h gksA firk ls vucu jgsA 'kfu bl Hkko esa fny dh chekjh ns ldrk gSA ljdkj ls deh'ku ds dke esa O;fDr cqyafn;ksa dks Nq tkrk gSA ,sls O;fDr;ksa dk [kpZ vf/kd gksrk gSA fons'k vFkok ckgjh LFkkuksa ij Hkh lEcU/k vlUrks""ktud jgsA eka] Hkwfe] Hkou] okgu vkSj llqjky Ik{k ls lnSo fpUrk;sa cuh jgs vkSj d""V jgsA ,sls tkrd Hkksxh] lq[kh vkSj ,s'o;Zoku gksrs gSA tkrd dks thou lkFkh ls lq[k lUrks""k feyrk gS ijUrq nSfud thou esa dqN fpUrk;sa cuh jgrh gSA rFkkfi ,slk O;fDr vius ifjJe }kjk cM+h lQyrk,a çkIr djrk gSA ,sls tkrd LokFkhZ rFkk okpkj gksrs gSA dqqN tkrdksa dks iqjkrRo rFkk vk;q dh gkfu gksrh gSA nlosa Hkko esa oØh gksus ij tkrd dks ekufld Ik{kk?kkr dk Hkh lkeuk djuk iM+ ldrk gSA nSfud O;olk; esa dkQh tkrdks dks ijs'kkfu;ksa dk lkeuk djuk iM+ ldrk gSA HkkbZ cgu dk lq[k de gh fey ikrk gSA ijkØe Hkh {kh.k gksrk gSA x``gLFk thou vkUkUne; cuk jgrk gSA","The person is highly interested in visiting foreign lands. Has a stronghold on words and has a permanent job. Relations with father are not very cordial, Saturn in such a place can give a disease of the heart. If working with govt. on commission basis, the person can earn a lot and reach the zenith. Such persons have high expenditure. Will have unsatisfactory relations abroad and at external places. Will face problems and remain under constant tension from mother, land, house, vehicle and in-laws. Such persons enjoy a happy and lavish life. The person enjoys happiness from his life partner but there are small tensions in everyday life. Such a person reaches heights through sheer hard work. They are selfish and speak a lot. They might face a loss of age and inheritance. As vakri is in the 10th house, the person may suffer an attack of mental paralysis. Some persons may face hardships in conducting everyday business. They get minor cooperation from siblings."
35,7,11,"tkrd lkaoys jax dk gksxkA vkfFkZd :Ik lss mUufr djsxkA fo|k rFkk lUrku Ik{k ls dqN ijs'kkfu;ka gksaxhA O;fDr dk 'kkjhfjd lkSUn;Z Bhd gksA dn yEck gks] ck;sa iSj ij ;k eqag ij pksV yx ldrh gSA vf/kd [kpZ pykus ds fy, dqN dfBukbZ;ka Hkh iM+ ldrh gSA O;fDr dh vk;q iw.kZ gksxhA ,sls tkrd vf/kd LokFkhZ ,oa :[ks LoHkko] ykijokg] fpfUrr LoHkko rFkkfi eLrekSyk gksrs gSA th.kZ voLFkk ds efUnj dk fuekZ.k djkus ls HkkX; cgqr rsth ls çcy gksrk gSA ,sls tkrd vehjh esa viuk thou fcrkrs gSA ,sls tkrdksa dk vkRecy] eku&çfr""Bk vkSj çHkko cgqr Åapk gksrk gSA ijarq dbZ ckj iSfÙk`d lEifr rFkk dqVqEc dk ykHk ugha fey ikrk vkSj O;fDr iw.kZ :Ik ls ukfLrd Hkh gksrk gSA ,sls tkrdks dks viuh ekrk ls vpy lEifÙk çkIr gksrh gSA rFkk 'kjhj esa jksxksa dk okl Hkh gks tkrk gSA ,sls tkrd de Ik<+s&fy[ks gksrs gq, Hkh pkrq;Z] Ny] çiap rFkk ifjJe }kjk viuk rFkk vius ifjokj dk thou fuokZg djus esa lQy jgrs gSA thou esa vusd ckj ladVksa rFkk [krjksa dk lkeuk Hkh djuk iM+ tkrk gSA","The person is dark complexioned. He is economically prosperous. Some tensions of education and progeny. The person has a good body, is all and may get hurt on face or left foot. May face problems while over spending. He lives a full age. Such persons are selfish, have a rough behavior and are carefree with some worries. Their luck shines when they get a temple repaired. Such persons spend their lives in riches and have high confidence, respect and high influence. Many a times they may not get full benefit of inheritance or paternal property. Such persons are agnostic. They get a lot of property from their mother's side and may suffer from diseases. Such persons though having little education are able to earn handsomely by cleverness and are able to take care of their family."
36,7,12,"tkrd dh ok.kh Hkkjh gksA la?k""kZ'khy rFkk O;ogkj dq'ky gksA >qBs eqdíesa esa Qal tkrs gSA nkfgus ikoa dh gìh VwV ldrh gSA O;fDr dks tsy Hkh tkuk iM+ ldrk gSA firk ,oa jkT; ls tkrd dks gkfu mBkuh iM+ ldrh gSA iSfÙk`d lEifÙk vkSj Lotuksa ls lg;ksx fey ldrk gSA O;fDr dh nSfud vk; de vkSj [kpkZ vR;f/kd gksxkA vki fons'k esa LFkk;h rkSj ij cl ldrs gSA vka[kksa dk jksx vkidks gks ldrk gSA dqN tkrdks dks dbZ ckj nkfguh rjQ Ik{kk?kkr~ Hkh gks ldrk gSA thou lkFkh ls erHksn jgsaA ,sls tkrd T;knkrj viuh ukSdjh dks NksM+ dj Lo;a dk O;olk; dj ysrs gSA fo'ks""k ifjJe ls /ku dh çkfIrA leL;kvksa ls xzLr HkkX; gksA ckgjh lEcU/kksa ls Hkh dbZ ckj fo'ks""k gkfu feysA ;'k lEeku esa deh jgsA","The person has a heavy voice, is hard working and is good at what he does. He can get entangled in a false case. Can fracture his right foot and can even be jailed. The person may suffer loss from father and govt. but gains from paternal property. His expenditure overshoots his daily income. He may settle abroad for a while. May suffer from eye ailment or suffer a paralytic attack on the right side. There may be tensions with the spouse. Such persons may leave their job and start own business. They come into money through sheer hard work. Faces a lot of problems in luck."
37,5,1,"tkrd ds psgjs ij fu'kku gks ldrk gS rFkk mldk LoHkko mxz gks ldrk gSA ,sls tkrd eaxfyd gkssrs gSA vkidk rkez o.kZ gSA vki 'kfDr ,oa fo|k esa fuiq.k gS vkidk 'kjhj g""V&iq""V gS vkSj vkidk vkRecy Hkh vf/kd gsA vkidks /ku lap; esa deh rFkk LFkku d""V dk lkeuk djuk iM+rk gSA vki 'kL= ds Kkrk gS rFkk vkidk HkkX; çcy gSA
eaxy mPp gks rks tkrd mxz LoHkko dk n`<+ çgkj djusokyk] 'kL= fo|k esa fuiq.k] laxzket;h] lkglh] Øwj] jktdqy dk fç; rFkk vius 'kkS;Z ,oa ohjrk ds fy, ç; rFkk vius 'kkS;Z ,oa ohjrk ds fy, çfl) gksrk gSA eaxy uhp dk gks rks tkrd xq.koku] cqf)eku] /kuoku ,oa jkf= Hkze.k djusokyk] pksj rFkk nq""V ân; okyk gksrk gSA","There can be marks on the face of the person and can be of angry disposition. Such a person is a Manglik and has copper complexion. He is highly educated and healthy and brimming with self-confidence. Can face problems in earning money and also from a place. Has a strong luck. If Mangal is on the higher plane, then the person is of angry disposition, is head strong, has soldierly qualities, is courageous, rebellious, famous for his health and valor and acts of courage and respected by those in power. If Mangal is on the lower plane, then the person is intelligent, rich, a night roamer, thief and possesses a black heart."
38,5,2,vkidh nh?kkZ;q ;ksx gSA vkSj vkidks iqjkrRo foHkkx ;k iqjkrRo fcfYMax ds }kjk vkidks ykHk gksxk vkidh ok.kh rst jgsxh /keZ ds lEcU/k esa vDlj dqN :dkoVs vkidks vkrh gksaxh 'k=qvksa }kjk ;k 'ks;j ekdsZV ds }kjk vkidh /ku gkfu laHko gSA,"Has a long life. May get the benefit of an inheritance or old property. Of strong speech, may face problems in the path of religion. May suffer losses due to speculation in shares and enmities."
39,5,3,"vki cgqr ifjJeh gSA vPNh ekalisf'k;ksa okys gSA HkkbZ&cgu o nksLrksa ds fy, dfBu le; esa lkFk nsus okys gSA ijUrq vkids [kjkc le; esa vkids HkkbZ cgu ;k fe= vkidks dqN ijs'kku dj ldrs gSA vki 'k=qvksa ij vfr 'kh?kz fot; çkIr dj ysrs gSA HkkX; ,oa /keZ vkids çcy gSA vkidks vius firk ls lq[k jkT; ls lEeku vkSj O;olk; esa ykHk gksrk gSA","You are very hard working with strong muscles. You stand by your siblings and friends during their bad times but during your bad times these people may trouble you. You are able to overcome opposition pretty fast. You have a strong luck and are religious. You get all the benefit from your father, respect from govt. and gains in your business."
40,5,4,"bl Hkko esa iSnk gksus okyk O;fDr eaxfyd gksrk gSA tehu tk;nkn vkSj okgu dk lq[k ekrk rFkk L=h nksuksa ds gh lq[k esa ,sls tkrdksa dks deh feyrh gSA ysfdu firk vkSj jkT; ls gj çdkj dk ykHk feyrk gSA /ku laap; vkidks fo'ks""k ifjJe ds }kjk çkIr gksrk gSA","The person born under his sign is a Manglik. Such persons get happiness from land, property and vehicle but are wanting in happiness from mother's side and opposite sex. They get all benefit from father and govt. The person is able to generate money through a lot of hard work."
41,5,5,"tkrd dks iq= jRu dh çkfIr gksrh gSA fo|k esa dfBukbZ vkrh gSA vkidk nh?kZ vk;q ;ksx gSA vkidk ckgjh LFkkuksa ls lEcU/k jgus ds dkj.k ykHk çkIr gksxk ,oa [kpkZ Hkh vf/kd jgsxkA tkrd bathfu;fjax] lftZdy] fctyh ,oa mlds midj.k vkfn dk dke djrk gSA L=h Ik+{k ls vlarks""k jgrk gSA rFkk eu esa fprk jgrh gSA","The person gets blessed with a son, faces problems in education and has a long life. You have strong external relations, which benefit you but they also increase your expenditure. Such person may be into engineering, surgical or electrical components. He remains unsatisfied by the opposite sex and is always tensed."
42,5,6,"tkrd vius 'k=qvksa ij vklkuh ls fot; çkIr dj ysrk gSA vkidk O;fDrRo çHkko'kkyh gS vki lkglh ,oa fuMj gSA vki esa Je djuss dh 'kfDr dwV&2 dj Hkjh gqbZ gSA HkkX; ,oa /keZ ds {ks= esa vDlj ,sls tkrdksa dks dfBukb;ksa dk lkeuk djuk iM+rk gSA ekek ls vkids lEcU/k e/kqj jgsaxsA yM+kbZ&>xM+ksa esa vDlj f?kjs jgsaxsA nkfgus iSj ij pksV yxus ds vklkj gSA",The person is easily able to overcome all opposition. Has an influential nature and is a courageous individual. You can work very very hard. Such persons may face some problems in spheres of luck and religion. You would be very close to your maternal uncles. You would be entangled in fights and squabbles and may get hurt in the right foot.
43,5,7,"tkrd eaxfyd gksrk gSA vius thou lkFkh ls ges'kk vucu cuh jgrh gSA vkidks O;kikj esa mUufr feysxhA deh'ku ls lEcfU/kr dk;Z fo'ks""k :Ik ls Qynk;h jgsxkA L=h Ik{k ls tkrd dks d""V gksrk gSA vkSj psgjs ij pksV dk fu'kku gksrk gSA firk vkSj jkT; ds }kjk mUufr rFkk ;'k dk ykHk feyrk gSA vkidk 'kjhj LoLFk rFkk O;fDrRo çHkko'kkyh gSA vki ;'kLoh ,oa cqf)eku Hkh gSA dqVqEc lq[k rFkk /ku dh o`f) ds fy, vf/kd ç;Ru djus ij FkksM+h lQyrk feyrh gSA","The person is a Manglik and is always at loggerheads with his spouse. He rises in business quickly especially the commission-oriented business is very profitable. May face hostility from opposite sex and may bear a scar on the face. Gets all the benefits from father, govt. and also gains respect. He person has a healthy body and an influential personality. You are respected and intelligent. If you try hard, you are able to achieve little success in family matters and in increasing wealth."
44,5,8,"tkrd eaxfyd gksrk gSA rFkk iqjkrRo dk ykHk gksrk gSA ijarq 'kkjhfjd lqUnjrk esa deh jgrh gSA O;olk; ds {ks= esa FkksM+h esgur ls gh lQyrk feyrh gSA ?kj ifjokj ds fo""k; esa vlUrks""k jgrk gSA vkidk ijkØe c<+krk gS vkSj vkids HkkbZ&cgu ds lq[k esa deh djrk gSA vkidks nh?kZ vk;q cukrk gSA vkSj vkids thou lkFkh dh vkokt dks rst djrk gSA le;&le; ij vkidks Øks/k dkQh vkrk gSA",The person is a Manglik and gets the benefit of inheritance. Lacks in body beauty but is successful in the sphere of business by little hard work. Unsatisfied family life and siblings may not be fully happy. You have a long life and your spouse has a strong voice. You get angry easily.
45,5,9,dqN dfBukbZ;ksa ds lkFk HkkX; o`f) gksrh gS rFkk /keZ dk ikyu Hkh iw.kZ :Ik ls ugha gks ikrkA ekrk] Hkwfe vkSj Hkou ds lq[k esa deh gksrh gSA nf{k.k fn'kk esa tkus ij vkidk HkkX; mn; gksxkA vki vius dqy esa dqy nhid gSA vki cgqr gh /kS;Zoku] 'kkfUrfç;] n;kyq gSA L=h Ik{k ls vkidks vkfFkZd ykHk gksxkA,"Facing certain problems, your luck shines and you are not able to stick to a religious regimen. There is a want in happiness from mother, land and house. If you move southwards, your luck may shine. You are the torchbearer of your family. You are courageous, peaceful and compassionate. You gain economically from the opposite sex."
46,5,10,"tkrd dks jkT; ls ykHk gksrk gSA ,sls tkrd dks iqfyl esa vQljh vklkuh ls fey tkrh gSA ;k mPp in ij usrk vklhu gksrs gSA Hkwfe dh [kjhn&QjksDr ls ykHk gksrk gSA firk dk fojks/k jgrk gSA O;olk; ls ykHk feyrk gSA ekrk ds lq[k esa deh jgrh gSA fo|k cqf) rFkk lUrku ds {ks= esa fo'ks""k lQyrk feyrh gSA","The person gets benefit from the govt. Such a person may become a police officer, a high level employee or a leader. Sale purchase of land is beneficial. Relations with father are not cordial. Gains from occupation. Wanting in mother's happiness. Successful in the areas of progeny, education and intelligence."
47,5,11,"lUrku Øks/kh ,oa foy{k.k çfrHkk gksrh gSA vki Lo; vkfFkZd :I ls etcwr gSA ,oae eaxy dh egkn'kk esa fo'ks""k rjDdh djsaxs vkids çHkko ls vk; ds {ks= esa FkksM+h lh dfBukb;ksa ds lkFk lQyrk fey tk,xhA 'kL= fo|k esa vki fuiq.k jgsaxsA oSls vki cMs fuMj ,oa lkglh gSA rFkk 'k=q Ik{k dks Hkh vius çHkko esa j[krs gSA fons'k ls lEcfU/kr dk;Z esa vkidh mUufr vfr 'kh?kz gksus okyh gSA lUrku 'kkjhfjd :Ik ls dqN le; ds fy, vLoLFk jg ldrh gSA","Your children are headstrong and of angry disposition but are very intelligent. You are economically very sound. Due to a mahadisha of mangal, you are able to rise up in life and are able to overcome difficulties in earning. You are trained in warfare. You are courageous and unafraid and can overcome opposition easily. You gain a lot while dealing with foreigners. Your children maybe unwell sometimes."
48,5,12,"tkrd bl Hkko esa Hkh eaxfyd gksrk gSA ,sls tkrdksa esa jDr&L=ko dh chekjh gks ldrh gSA vki fons'k Hkze.k dj ldrs gSA nk;sa dU/ks esa ekeqyh lh detksjh vki eglwl djrs gksaxsA vkids HkkbZ cgu ds lq[k vkSj ijkØe esa deh jgsxhA 'k=q Ik{k ls fcuk fdlh fo'ks""k ncko u cukrs gq, Hkh vkidk muij çHkko jgsxkA vkidk [kpkZ vf/kd jg ldrk gSA thou lkFkh ls fopkjksa esa fHkUurk jgsxhA jkstxkj ds {ks= esa deh ds lkFk&lkFk dqN 'kfDr Hkh vkidks çkIr gksaxhA rFkk fo'ks""k ifjJe ls iw.kZ lQyrk feysxhA",The person is a Manglik in this house also. Such a person may suffer from blood pressure related ailments. Visit abroad is on the cards. You find some weakness in your right shoulder. There is wanting in happiness of ones' siblings. You are able to influence all opposition even without trying. You tend to over spend and differ from your spouse. In matters of employment you get all benefit and happiness after hard work.
49,2,1,"çFke Hkko esa e/;e dn rFkk LoLFk 'kjhj okys] LokfHkekuh] rstfLoh ,oa cM+s fo}ku gSA vkidks Hkwfe] Hkou] okgu vkfn ?kjsyw lq[k rFkk ek= lq[k dk Hkh ykHk jgsxkA vki vius ijkØe }kjk lQyrk rFkk lq[k vftZr djrs gSA vkidh ok.kh vR;ar çHkko'kkyh gksrh gSA vki Lo;a cM+s cqf)eku] /kS;Zoku] lkglh] 'kfDr'kkyh] O;ogkj dq'ky rFkk egRokdka{kh gS fdarq lIre Hkko ij lw;Z dh uhp n`f""V iM+us ds dkj.k nkaiR; lq[k esa fdafpr deh rFkk va'kkfr dk okrkoj.k Hkh cuk jg ldrk gSSSsssA thfodkiktZu ds {ks= esa vusd çdkj dh dfBukb;ksa dk lkeuk djuk iM+rk gSA vki iq:""kkFkhZ ,oa m|eh gSA vki vius ifjJe }kjk cM+s&2 dke djrs gSA bl o""kZ vkidks Hkkjh LFkkuksa ls ykHk rFkk lkeku çkIr gks ldrk gSA 
tkrd e/;e dn rFkk LoLFk 'kjhj okyk] LokfHkekuh] rstLoh ,oa cM+k fo}ku gksrk gSA mldh ok.kh vR;ar çHkko'kkyh gksrh gS ftls gj yksx cM+s /;ku rFkk lEeku ds lkFk lqurs gSA lUrkusa Ik;kZIr la[;k esa rFkk çcy gksrs gSA tkrd Lo;a cM+k cqf)eku] /kS;Zoku] lkglh] 'kfDr'kkyh] O;ogkj dq'ky rFkk egRokdka{kh gksrk gS] ijUrq lIreHkko ij lw;Z dh uhp&n`f""V iM+us ds dkj.k nkEiR;&lq[k esa fdafpr deh rFkk Dys'k dk okrkoj.k Hkh cuk jgrk gSA thfodksiktZu ds {ks= esa vusd çdkj dh dfBukb;ksaa dk lkeuk djuk iM+rk gSA iRuh vf/kd lqUnj ugha gksrh rFkk euksuqdwy vkpj.k Hkh de dh djrh gSA
vki jDr o.kZ ds] vkfLrd] rstfLoh rFkk rhoz eankfduh okys gSA lw;Z mPp dk gks rks tkrd xkSj o.kZ] lqUnj] prqj] /kS;Zoku] dk;Zdq'ky] 'kwjohj] n.Mkf/kdkj ,oa çHkqÙkklEiUu rFkk ijkØeh gksrk gSA lw;Z uhp dk gks rks vkRecyghu] fdlh ij fo'okl u djus okyk] dVqHkk""kh] de ckyksa okyk rFkk foÑr (Vs<+s) nkarksa okyk gksrk gSaA","The person is of medium height, healthy body with high self respect, highly intelligent an individual. You gain from land, home, vehicle, family life and mother. You are able to generate happiness and success due to sheer hard work. Your voice is influential and you are very strong, intelligent, courageous, patience and have a strong imagination. But sun in the lower plane in the 7th house brings unhappy family life. One faces certain difficulties in matters of employment. You are hard working and can accomplish big tasks through hard work. If the sun is in the upper plane the person is fair, beautiful, intelligent, clever, courageous, patience and has a god like aura."
50,2,2,"vkidks /ku laca/kh ekeyksa esa vDlj dfBukb;ka eglwl gksrh gSA larku Ik{k vFkok fo|k&v/;;u esa Hkh dfBukb;ka jgsxhA Hkwfe Hkou vkfn dk lq[k miyC/k gksrs gq, Hkh mldk Js""B lq[k u feysA tkrd dh vk;q rFkk iqjkrRo dk ykHk gksA L=h rFkk O;olk; ds Ik{k esa lQyrk feysA /ku rFkk dkSVqfEcd lq[k dh iq:""kkFkZ }kjk o`f) gksA v""Ve Hkko dks ns[kus ds dkj.k nSfud thou esa dqN v'kkafr jgsA vki lekt esa çfrf""Br O;fDr le>s tkrs gSA fir` Ik{k }kjk ykHkA tkrd dks /ku lEcU/kh ekeyksa esa dfBukb;ka gksrh gSA larku Ik{k esa rFkk fo|k/;;u esa Hkh dfBukb;ka vkrh gS rFkk deh cuh jgrh gSA /kuksiktZu gsrq cqf) cy dk fo'ks""k ç;ksx djus ij Hkh vf/kd ykHk ugha gksrkA tkrd ds mij mlds dqVqEc dk çHkko Hkh dqN u dqN cuk jgrk gSA v""Ve Hkko dks iw.kZ n`f""V ls ns[kus ds dkj.k tkrd nh?kkZ;q gksrk gSA
nkfguh vka[k esa detksjh jgs ;k us= fodkj gks tkrd fn[kkok djus okyk gksA iSfÙk`d laifÙk vklkuh ls feys fdarq mldk lgh <ax ls bLrseky u gksA","You face difficulties in matters of finance and also face problems in areas of progeny and education. Though in possession of land, house, you do not get full satisfaction from them. You get success in the areas of opposite sex and employment. Due to hard work you increase wealth and happiness in family life. You are considered a respectable member of the society and get benefits from your father's side. You have a long life. The person remains under the influence of the family. Right eye is weak or suffers from eye ailments."
51,2,3,"vki ijkØeh] cqf)eku] fo}ku] /kekZRek rhFkZ;k=h ,oa HkkX;'kkyh gSA vki vius cqf)&cy ls HkkX; dh o`f) djrs gSA ,oa /keZ ikyu 'kqHk deZ rFkk bZ'oj dh vkjk/kuk djrs gSA HkkbZ cguksa ls çse j[kus okys] çHkko'kkyh gSA tkrd  fo|k] cqf) rFkk ijkØe dh o`f) djrk gSA HkkX;&Hkou ij vius fe= ^xq#* dh jkf'k ij lIre n`f""V Mkyus ds dkj.k tkrd dks HkkX;'kkyh] /kekZRek] nkuh rFkk rhFkZ ;k=h cukrk gSA ,slk tkrd vius ijkØe rFkk cqqf) cy ls HkkX; dh o`f) djrk gS ,oa /keZ ikyu] 'kqHk deZ rFkk bZ'ojk/ku djrk gSA og /kekZRek] nkuh HkkX;'kkyh rFkk rhFkksZa dh ;k=k djus okyk Hkh gksrk gSA
vf/kd Je djus ij Hkh FkdkoV eglwl u djs] iw.kZ :Ik ls bZ'oj esa vkLFkk j[kus okys] mxz LoHkko ds ,oa HkkX;oku gSA","You are influential, intelligent, wise, religious, visitor to holy places and lucky. You are able to increase your luck through your superior intelligence. You are god fearing and do good deeds. You love your siblings. He increases his education, intelligence and influence. As Guru rashi lights up the 7th house, it makes the person lucky, religious, donator, compassionate and a visitor to holy places.  Such persons rise in life by working hard and using intelligence. He is a god-fearing man who does not tire even after a hard day’s work."
52,2,4,"Hkwfe Hkou okgu vkfn laifÙk dk iw.kZ lq[k çkIr gksA efLr""d esa rhozrk ds LkkFk 'kkfUr Hkh cus jgsA firk ls oSeuL; jgsA ckgjh LFkkuksa ds laca/k ls lq[k ,oa YkkHk feysA firk] jkT; rFkk O;olk; ds {ks= esa dqN deh rFkk vlUrks""k dk vuqHko gksA ?kjsyw lq[k Hkh =qfViw.kZ jgrk gSA tkrd dks Hkwfe] Hkou rFkk vU; çdkj ds lq[kksa ds lkFk gh ekr`&lq[k Hkh çkIr gksrk gSA fo|k dk fo'ks""k ykHk gksrk gSA efLr""d esa rhozrk ds lkFk gh 'kkfUr Hkh cuh jgrh gSA lnke n`f""V ls 'k=q ^'kfu*] dh ^edj* jkf'k okys n'keHkko dks ns[kus ds dkj.k tkrd vius firk ls dqN oSeuL; j[krk gSA rFkk jkT; laca/kh ^esa* Hkh dqN f'kfFkyrk ,oa fu""Qyrk cuh jgrh gS] rFkkfi tkrd FkksM+k cgqr lEeku Hkh vo'; çkIr djrk gSA ,oa çHkko'kkyh cuk jgrk gSA
tkrd dks {k;jksx gksus dh laHkkouk jgrh gSA iSÙk`d laifÙk Hkh d""V ls feysA","Full happiness from land, house, vehicle and property. The person has a sharp mind and is at peace. He is against his father. Some gains through external relations. Some drawbacks in the areas of relationship with father, govt. and occupation. Even the family life is tensed. The person enjoys happiness from land, house and from mother. Education benefits. The person becomes influential and also gains respect."
53,2,5,"vki cM+s fo}ku xq.koku~] cqf)eku] opuikyd] çHkko'kkyh ,oa çrkih gSA vkidk iq= Hkh vkids leku çrkih gksA dqN yksx vkids ihB ihNs fuank Hkh djrs gSA vkenuh ds ekxZ esa ck/kk,¡ vkrh gSA tkrd xqIr ;qfDr;ksa dk vkJ; ysus okyk gksrk gSA vkidks x`gLFk thou esa lq[k Hkksx vkfn dk ykHk feysaA tkrd cM+k fo}ku] xq.koku] cqf)eku] çHkko'kkyh rFkk opu&ikyd gksrk gSA mls lUrku&Ik{k ls 'kfDr feyrh gS rFkk mldk ,d iq= vR;Ur çrkih gksrk gSA /kuksiktZu ds fy, fo'ks""k ç;Ru djuk iM+rk gS rFkk vkenuh ds ekxZ esa ck/kk,¡ vkrh jgrh gSaA dqN yksx ihB ihNs mldh fuUnk Hkh djrs gSaA
lw;Z ds leku rstfLoh gSA fo|k esa dkQh Åapkb;ksa dks Nw ldrs gSA","You are highly intelligent, principled, influential, idealistic and a stickler for words. Your son is also as influential as you are. Some people do backbiting against you. There are difficulties in generating income. You get happiness from family life. Progeny of such a person is a source of strength. The person resorts to secret ways and means to generate income."
54,2,6,"fo|k /ku esa dqN dfBukb;ka vk ldrh gSA 'k=q I{k ij fujarj fot; Hkh çkIr gksrh gSA vki vf/kd /ku [kpZ djus okys( ckgjh laca/kksa ls ykHk rFkk lQyrk,a ikus okys ,oa xkspj fLFkfr vuqdwy jgus ijs fons'k Hkze.k djus okys gSA
,sls tkrd dh gfì;ka detksj gksrh gSA mls fljnnZ rFkk ekufld ruko vf/kd jgrk gSA mls 'k=qvksa ls Hk; cuk jgrk gSA","Some problems in the areas of education and money. Overcomes opposition always. You tend to over spend, gaining from external relationships and may visit abroad. Such a person has weak bones and may suffer from headache and mental tension."
55,2,7,"LokLF; dqN detksj jg ldrk gSA fo|k ds {ks= esa Hkh dqN deh ds dkj.k dqN dfBukb;ksa dk lkeuk djuk iM+ ldrk gSA ifjJe }kjk O;olk; ds {ks= esa lQyrk feyrh gSA es# naM dk jksx gks ldrk gS vkerkSj ij tkrd vkfFkZd :Ik ls lq[kh jgrk gSA tkrd dk LokLF; dqN detksj gksrk gS rFkk L=h ds laca/k esa Hkh dksbZ uk dksbZ ijs'kkuh cuh jgrh gSA 'kkjhfjd dn dqN yEck gksrk gS rFkk mlesa LokfHkeku dh ek=k Hkh vf/kd jgrh gSA fo|k {ks= esa Hkh dqN deh ds dkj.k thou ;kiu esa dqN dfBukbZ;ksa dk lkeuk djuk iM+rk gSA
vki cqf)eku] prqj] okd~&pkrq;Z okys ,oa vkidh /keZiRuh Hkh loZxq.k lEiUu gSA","Weak health, facing some difficulties due to lack of education but is successful in occupation due to hard work. May suffer some ailment of the spinal cord but is economically satisfied. Has strained relations with opposite sex. The person is tall and has a lot of self-respect."
56,2,8,"eku lEeku dks gkfu gks ldrh gSA HkkbZ&cgu ds lq[k ,oa ijkØe esa deh vkrh gS v'kkafr rFkk fujk'kk dk lkeuk Hkh djuk iM+rk gSA dqVqEc dk lkekU; lq[k feyrs gq, Hkh mRlkghurk cuh jgrh gSA 'kkSd vkSj mnklh NkbZ jgrh gSA dkssVZ dpgjh eqdíesa ckth Hkh cuh jgrh gSA tkrd dh vk;q o`f) gksrh gS mls x<+k /ku feyrk gS nwljs Hkko dks ns[kus ls /ku&lap; rFkk dqVqEc fuokZg gsrq vR;f/kd ç;Ru djus ij Hkh FkksM+k cgqr vlarks""k cuk jgrk gSA","May lose respect. There is a decrease in the influence and happiness of siblings. The person is sad though has a happy family life. Some court cases are always on. Though has a long life, the person finds hidden wealth but faces problems in generating income."
57,2,9,"/keZ deZ esa :fp cuh jgrh gSA HkkX; çcy jgrk gSA r`rh; Hkko dks ns[kus ds dkj.k ijkØe esa deh jgrh gSA vki U;k;h bZ'oj HkDr lq[kh ,oa /ku ykHk çkIr djus okys gSA tkrd dh nso xq# dk lkfu/; çkIr gksrk gSA ifjJe ls tkrd vius dqy esa lokZf/kd /ku lEifÙk dk Lokeh gksrk gSA tkrd Js""B cqf)eku] fo}ku rFkk Kkuh gksrk gSA og /keZ 'kkL=] çHkq&HkDr] rhFkZ;k=h] U;k;fç;] n;kyq nkuh] ;'kLoh gksrk gSA fujUrj lQyrk,¡ feyrh gSA r`rh; Hkko ds ns[kus ds dkj.k tkrd ijkØeh] iq#""kkFkhZ] HkkbZ&cguksa okyk rFkk mÙke ;ksX;rk okyk gksrk gSA","Is religiously inclined with a strong luck. You are orderly, religious, happy and have a strong belief in god. The person is very near to his Guru. With hard work, the person becomes the richest man of his entire family. The person is highly intelligent, clever, who knows religious scriptures, a god fearing man, compassionate and a big donator. He is constantly successful in life. The person is influential, hard working and has siblings."
58,2,10,"lw;Z ds nlosa Hkko esa gksus ls tkrd dks firk] jkT;] O;olk;] ukSdjh rFkk eku&çfr""Bk vkfn esa c<+ksrjh gksrh gSA tkrd U;k;fç;] ohj] de la?k""kZ djus okyk] jkT; ls lEeku ikus okyk] fiÙk` HkDr gksrk gSA jkT; ls lEeku rFkk O;olk; ls ykHk feyrk gSA tkrd dk viuh ekrk ds lkFk oSeuL; jgrk gSA rFkk tkrd çfrfBr] ;'kLoh] HkkX;'kkyh rFkk /keZ dk ikyu djus okyk gksrk gS Hkwfe Hkou vkfn dk lq[k iw.kZ :I ls çkIr gksrk gSA thou esa nks rhu ckj LFkku ifjorZu dk ;ksx cuk jgsxkA ljdkjh foHkkx esa dk;Zjr gks ldrs gSA fir` HkfDr esa gh HkkX;ksUufr gSA","Sun’s in the 10th house makes the person getting benefits from his father, govt., occupation, and employment and gains respect. The person is less hard working, dear to father, gains respect from govt., courageous and is a principled individual. He gains from his occupation. The person is at loggerheads with his mother. The person is influential, respected, lucky, religious and draws maximum benefits from land, house and vehicle. May change is place of residence twice or thrice. Can be a govt. employee. Relations with father increase his luck."
59,2,11,"vkenuh esa dqN dfBukb;ksa ds lkFk o`f) gksrh gS dkj.k vkidks larku rFkk fo|k cqf) ds {ks= esa Hkh lQyrk,a feyrh jgrh gSA /keZ ds ikyu esa ,oa /kkfeZd dk;Z rFkk ijksidkj esa vf/kd :fp jgrh gSA ,sls tkrd dks ân; jksx dh f'kdk;r jg ldrh gSA vki rst LoHkko ds LokfHkekuh] 
çfrf""Br] ;'kLoh 'kq) ok.kh okys ,oa n`<+ fu'p;h gSA [kpZ vf/kd jgus ds dkj.k dqN fpUrk Hkh cuh jgrh gSA tkrd ân; jksxh] rst cqf)] e`nq ok.kh cksyusokyk] ;ksX; lUrku ikusokyk] nsorkvksa dh Ñik ikus okyk] jkstxkj esa mUufr djusokyk] Hkwfe] okgu vkfn dk lq[k ikusokyk gksrk gSA tkrd Li""Voknh Hkh gksrk gSA","Income increases albeit facing some problems. You are successful in the areas of progeny and education. You are interested in matters of religion and are a compassionate soul. You can suffer from heart ailment. You have a sharp temperament, high self-respect, influential, respected and a man of strong will. Over expenditure worries you. The person has soft speech, able children, rise up in life and gets maximum happiness from land, vehicle, etc."
60,2,12,"[kpZ ds ekeyksa esa vlarks""k cuk jgsxk rFkk ckgjh laca/kksa ls fo'ks""k lq[k ugha feysA vki dfBu ifjJeh lkglh] rh{.k cqf) okys] Li""V oDrk] lkSan;Zoku ,oa ijkØeh gSA tc tkrd dks vi;'k feys vkfFkZd ladV cuk jgsa ,oa tc&2 lw;Z ds lkFk xkspj esa 'kfu vk;sxk rc&rc dksVZ dpgjh ds pDdj yxkus iM+ ldrs gSA fdarq vkf[kj esa thr gkfly gksxhA tkrd ;k=kvksa }kjk lHkh lq[k çkIr djrk gS rFkk vusd dfBukb;ksa ds ckn muis fot; çkIr djrk gSA
fo|k ,oa cqf) esa Js""B] ck;ha vka[k detksj gks] thoudky esa ,d nks ckj dksVZ&dpgjh dk yxkuk iM+sA flj nnZ ls ihfM+r] iq:""kkFkZ }kjk /ku vftZr djusokyk] 'k=q Ik{k ij çHkko cukusokyk gksrk gSA","Over expenditure leaves you unsatisfied and external relations do not provide any happiness. You are hard working, courageous, have a sharp intellect, a clear orator, a strong and beautiful body. When the person faces economic showdown, then the Sun and Saturn come in the same house leading the person to courts but ultimately the person wins. The person draws all happiness from travels. Is highly educated and intelligent, weak in the left eye, suffers from headache, generates money through hard work and influences his enemies."
61,6,1,"tkrd ;'kLoh] ?kj ls ckgj rd lEeku çkIr djus okyk] LoLFk 'kjhj ,oa e/;e dn okyk] rstLoh] LokfHkekuh] mUufr'khy gksrk gSSA vki jktk ds lkeku vkfFkZd n``f""V ls lqn`<+ gSA vkidks L=h Ik{k ,oa O;olk; esa dqN ijs'kkuh le;&le; ij gksrh gSA vkidh ok.kh cM+h çHkko'kkyh gSA lUrku ;'kLoh ,oa cqf)eku gSA vki egRokdka{kh ,oa /kS;Zoku rFkk O;ogkj dq'ky lfgr LkHkh xq.kksa dh [kku gSA vki iw.kZ :Ik ls vkfLrd gSA vkidk HkkX; çcy ,oa lq[kh thou gSA
xq: vxj mPp dk gks rks tkrd lRdeZ djus okyk] jktk dk eU=h gksrk gS] vusd lsodks ls ;qDr e.Myk/kh'k mPpkf/kdkjh] lknkpkjh] lnSo çlUu jgus okyk rFkk lqUnj Lo:ieku gksrk gSA
c`gLifr vxj uhp ds gks rks tkrd çns'koklh] Qy&Qwyksa dk Lusgh lnSo lq[k Hkksxus okyk rFkk vusd yksxksa dk Hkj.k&iks""k.k djus okyk gksrk gSA","The person is influential and is respected from house to outside, has a healthy body, is of medium height, has self-respect and is always on the rise. You are economically sound like a king. You face some problems from opposite sex at times. You have an influential speech. Your progeny is influential and intelligent. You have patience and have all good qualities. You are agnostic. You have a strong luck and a happy life. If Guru is on the higher plane, the person does all the good deeds, has many servants, is on a high post, can be a minister, always happy and has a good healthy body."
62,6,2,"vkids ;gka fuR; çfr /ku&/kkU; dh o`f) gksrh gSA dHkh&dHkh nq?kZVuk o'k vkidks gkfu gks tkrh gSA vkidk nh?kZ vk;q ;ksx gSA 'k=q Ik{k ls vki le>nkjh ls lQyrk çkIr djsaxsA firk rFkk jkT; Ik{k ls dqN deh jg ldrh gSA
O;olk; esa dqN dfBukbZ vk ldrh gSaA iSfÙk`d lEifÙk vkidks feysxhA vki cgqr e`nq Hkk""kh gSA lkfRod fopkjksa okys gSA","Your wealth increase daily, sometimes you face losses due to accidents. You overcome opposition through understanding and peaceful means. There is wanting from the father’s and govt. side. Some problems in business. You get paternal property. You are soft spoken."
63,6,3,"vki cgqr gh ifjJeh ,oa ijkØeh gSA HkkbZ&cgu ,oa fe=ksa ls lq[k çkIr gksrk gSA thou lkFkh vkSj jkstxkj ls vkidks leL;k,a gksrh gSA vki vius dqy esa dqy nhid ds leku gSA vkidh vk;q cgqr yEch gSA vkidks lqUnj lq;kssX; rFkk lqf'kf{kr iRuh feysxh vkSj nSfud O;olk; ds {ks= esa cgqr lQyrk feysxhA /keZ ds {ks= esa vkidh :fp dqN de jgsxhA vkidh viuh ;qfDr ls vkids ikl /ku&lap; gksxkA ,slk tkrd 'k=qt;h rFkk fgEerh gksrk gSA","You are very hard working and influential. You get all the happiness from your siblings. You face problems from your life partner and in employment. You have a long life and are blessed with a beautiful, intelligent and educated wife. You are successful in the area of daily business. Less interest in religion. You earn through your own ideas."
64,6,4,"vkidks ekrk] Hkwfe] Hkou] okgu vkfn dk lq[k gSA vki nh?kZ vk;q gSA jktdk;Z esa vkidks vlQyrk le;&le; ij feyrh gSA ckgjh LFkkuksa o O;fDr;ksa ls vPNk lEcU/k gSA [kpsZ dh vf/kdrk jgsxhA Ikkfjokfjd lq[k esa dqN fo?u vk ldrk gSA firk ,oa O;olk; ds {ks= esa dqN deh jg ldrh gSA vki cgqr gh n;koku] /kS;Zoku] fe=kyq gSA vki vius dqVqEc ij dkQh [kpkZ djrs gSA","You have all the benefits from mother, land, house, vehicle, etc. You are unsuccessful at times in govt. job. Good external relations lead to over expenditure. Some problems in happy family life. Wanting in the areas of father and occupation. You are compassionate, courageous, have patience and are sympathetic. You spend a lot on your family."
65,6,5,"vki fo}ku] cqf)eku rFkk lUrkuoku gSA vkids HkkX; dh ges'kk o`f) gksrh jgrh gSA vk; ds lk/ku esa dHkh&dHkh :dkoVs vkrh gSA vki 'kkjhfjd :Ik ls lqUnj rFkk LoLFk gSA vki /kuh] /kekZRek rFkk lq[kh gSA vki vkd""kZd O;fDrRo okys rFkk foosdoku gSA vkids llqjky Ik{k ls lnSo vPNs lEcU/k jgsaxsA ;fn vki xq: dk lkfU/k; çkIr djrs gSA rks vkidks mPp dksfV ds xq: çkIr gksaxsA vkidks x<+s gq, /ku dh çkfIr gks ldrh gSA vki cgqr gh e`nq Hkk""kh gSA","You are intelligent, clever, and have children. Your luck is always on the rise. You face some difficulties in earning income. You have a healthy and good body. You are rich, religious and happy. You are attractive and compassionate. You have good relations with your in-laws. You will have a good guru. You might get hidden wealth and are soft spoken."
66,6,6,"vkidk lkekU; LokLF; gSA vki ij jksx vkSj 'k=qvksa dk çdksi gSA ijUrq var esa vkidks fot; fey tkrh gSA ifjJe ls HkkX; mUufr çkIr gks jgh gSA vkids Ikkfjokfjd erHksn py jgk gSA firk] jkT; ,oa O;olk; ds {ks= esa dqN dfBukb;ka vDlj cuh jgrh gsA [kpZ dh vf/kdrk ls vki ges'kk ijs'kku jgrs gSA iSfÙk`d lEifÙk vkidks vklkuh ls çkIr gks tk,xhA vkidh vka[kksa esa fo'ks""k ped gksxhA","You have an average health. You suffer from disease and enemies. You are a winner in the end. You increase luck through hard work. There are differences in your family. You face problems from your father, govt., and business. Over expenditure worries you. You receive paternal property easily. You will have an unusual glow in your eyes."
67,6,7,"tkrd dks L=h rFkk O;olk; ds {ks= esa dfBukb;ksa dk lkeuk djuk iM+rk gSA vkidks jkstxkj esa lhfer lQyrk gh feysxhA vkidk 'kjhj lqUnj vkd""kZd rFkk O;fDrRo çHkko'kkyh gSA vki cgqr gh ijkØeh gSA fo'ks""k ijkØe dh otg ls vkidh HkkX; mUufr gks jgh gSA vkidks HkkbZ vkSSj cguksa dk lq[k vPNk gSA thou lkFkh vkSj O;kikfjd lk>snkjh esa vkidks dqN ijs'kkfu;ka vk ldrh gSA vki fiNys dqN le; ls 'kkjhfjd nqcZyrk ,oa Fkdku tYnh eglwl dj jgs gSA","The person faces some difficulties in the spheres of opposite sex and in occupation. Your employment gives you limited success. You have a strong, beautiful body and are influential. You strive to increase your luck. You have all the happiness from your siblings. You face some difficulties with your life partner and in collaborative business. You may find weakness and tire easily."
68,6,8,"vki cgqr vf/kd [kphZys O;fDrRo okys gSA vkidk lq[kh nkEiR; thou gSA vkidks ekrk Ik{k ls lnSo ykHk feyrk jgrk gSA llqjky Ik{k ls Hkh vkids lEcU/k lkekU; gSA vki nh?kkZ;q gS ijUrq fiNys dqN le; ls vkidks dqN jksx py jgk gSA vk; ds lk/kuksa esa Hkh yxkrkj ijs'kkfu;ka vk jgh gSA vk;kr fu;kZr ds dk;Z esa vkidks ykHk feysxkA rduhdh {ks= esa vkidksa iw.kZ ;'k ,oa /ku ykHk gksxkA iqjkrRo esa Hkh vkidks ykHk gksxkA vkids /ku vkSj dqVqEc dh o`f) gksxhA ftl LFkku ij vki vHkh dk;Z dj jgs gSA ogka vkids HkkX; esa dfBukbZ;ka rFkk vi;'k feysxkA","You tend to over spend. You have a happy married life. You get all the benefits from your mother’s side. You have average relations with your in-laws. You have a long life but suffer from some disease for the past sometime. You are troubled in the area of generating income. You gain a lot from import-export. You get respect, gains in wealth from areas like engineering and technique. You gain from inheritance. You are able to increase your wealth and family. You may face problems at your place of work."
69,6,9,"vki cgqr gh /kekZRek gSA vkidk 'kjhj lqUnj ,oa xBhyk gSSA vki cgqr gh HkkX;'kkyh ,oa ijkØeh gSA fo|k ds {ks= esa vkidks iw.kZ lQyrk feysxhSA rduhdh {ks= esa ;fn vki bUthfu;j gS rks vkidks cgqr ;'k feysxkA vki vius {ks= esa lHkh dks lq[k nsus okys gSA vki fo}ku ,oa /kS;Zoku gSA vkidk O;fDrRo jkSfcyk gSA vkidh lUrku cqf)eku ,oa U;k;fç; gksxhA lUrku Ik{k ls vkidks fo'ks""k ykHk feysxkA thou lkFkh rFkk fir` Ik{k ls vki dqN vlUrqf""V /kkj.k fd, gq, gksaxsA vki tgka Hkh tk,axs ogha ij vkidks ;'k dh çkfIr gksxhA","You are highly religious. You have a beautiful and a strong body. You are very lucky and influential. You are highly successful in the area of education. If you are an engineer, you will be respected. You will give everybody happiness. You are intelligent and have high patience. You have a strong character. Your progeny is intelligent and will give you special happiness. You might be dissatisfied through your father and your spouse. You are respected wherever you go."
70,6,10,"vkidks ekr` Ik{k ls ykHk feysxkA Hkwfe vkSj okgu dk lq[k jgsxkA jkT; ls dqN leL;k,a gks ldrh gSA fiÙk` Ik{k ls Hkh ykHk jgsxkA /ku lap; vPNk gksxkA 'k=q Ik{k ij lnSo vkidk çHkko cuk jgsxkA ekek ds }kjk vkidks lgk;rk feyrh jgsxhA O;olk; ds {ks= esa vi;'k rFkk dfBukb;ksa dk lkeuk djuk iM+ ldrk gSA HkkX; mUufr Hkh vf/kd ugha gks ik,xhA dqVqEc ds }kjk vYi ykHk feysxkA tkrd dks ifjJe vkSj >xM+ksa ds ;ksx ls HkkX; mUufr feysxhA",You get all benefits from your mother’s side. You get happiness from land and vehicle and from your father’s side. You are able to generate wealth. You are able to influence opposition. You will get all benefit from your maternal uncles. You might face certain problems in the areas of employment. Your luck does not shine but you get all benefits from family.
71,6,11,"vkidks viuh fo|k cqf) ,oa ;qfDr ls ykHk feysxkA lUrku Ik{k ls lg;ksx gksxkA cMs+ HkkbZ ls }s""k jg ldrk gSA ijkØe {ks= esa deh jgsxhA O;olk; ds {ks= esa dfBukb;ksa dk lkeuk djuk iM+ ldrk gSA vk; esa deh jgsxhA HkkbZ cgu dk lq[k çkIr gksxkA thou lkFkh ls fo'ks""k lq[k ,oa ykHk dh çkfIr gksxhA vkids iq:""kkFkZ esa o`f) gksxhA ?kjsyw dkj.kksa ls efLr""d esa fpUrk jgsxhA lq[k lk/kuksa dh dksbZ deh ugha jgsxhA",You get all benefit from education and intelligence. You may be at loggerheads with your elder brother. You face problems in areas of employment. Your income is low. You get happiness from your siblings. You get special benefit and happiness from your spouse. You may be tensed. There will not be any dearth of happiness in family life.
72,6,12,"vkidks ek¡] Hkwfe] Hkou] okgu rFkk /ku dk lq[k jgsxkA cqf) ds ;ksx ls lQyrk feysxhA e/;e nh?kkZ;q rFkk vkenuh ls [kpkZ vf/kd jgsxkA viuh cqf) ls vki 'k=qvksa ij fot; çkIr dj ldsaxsA iqjkrRo ds {ks= esa lkekU; lQyrk feysxhA HkkX; vkSj /keZ ikyu ds {ks= esa deh jgsxhA iwoZ fn'kk esa O;o;k; djus ij ykHk feysxkA >xM+ksa esa tkrd dks 'kkfUr iwoZd dke fudkyuk pkfg,A vkfFkZd vfu;ferkvksa dh otg ls dbZ ckj tkrd dh fgEer Hkh VwV tkrh gSA ,sls O;fDr ds 'kkjhfjd lkSUn;Z] LokLF; ,oa çHkko esa deh vk tkrh gSA","You will get all happiness from mother, land, house, vehicle and wealth. Intelligence will generate success. You have a long life and do over expenditure. You overcome opposition through intelligence. Inheritance gives you limited happiness. If working in east, you will benefit. If involved in squabbles, try finding a peaceful"
73,9,1,"tkrd ds 'kkjhfjd lkSUn;Z rFkk LokLF; esa deh vkrh gSA ân; esa fpUrk;sa jgrh gSA ,sls tkrd viuh mUufr ds fy, xqIr ;qfDr;ksa dk vkJ; ysrs gSA rFkk LokFkZ flf) gsrq] >wB] Qjsc] ""kM+;U= dk lgkjk ysrs gSA ,sls O;fDr lkglh Hkh cgqr gksrs gSA mls dHkh pksV yxrh gS rks dHkh ewPNkZ dk Hkh f'kdkj gksrs gSA vki foosdoku] çfrf""Br] lEiUu rFkk ;'kLoh  gS rFkk viuh mUufr ds fy, d""Vlk/; dk;ksZa dks djus esa Hkh ihNs ugha jgrsA yEch pkSM+h ckrsa djus okys rFkk ;qfDr cy ls /ku çkIr djrs gSA dHkh&dHkh ,sls tkrdksa dks eqR;q rqY; d""V dk lkeuk djuk iM+ ldrk gSA lq[k 'kkfUr Hkax jgrh gSA tkrd rhoz cqf) ,oa /kS;Z ls dke ysus okys gksrs gSA buds 'kjhj esa nqcZyrk vkSj ijs'kkfu;ka cuh jgrh gSA ,sls tkrd ns[kus esa Hkksys rFkk Hkhrj ls cgqr pkykd gksrs gSA fo|k vkSj lUrku Ik{k ls tkrd dks ijs'kkuh eglwl gksrh gSA ,sls tkrd vPNs dwVuhfrK rFkk lQy O;olk;h vkSj cM+s jktusrk gksrs gSA
jkgw mPp dk gks rks tkrd efU=;ksa esa Js""B jktk }kjk lEekfur] /kS;Zoku] çrkih] lkglh] cyoku] nq""V rFkk Øwj gksrk gSA jkgw uhp dk gks rks tkrd nq""V ân;okyk] dq#Ik] ikih] [ky nqcqZf) rFkk cU/kq&ckU/koksa ls jfgr gksrk gSA","The person suffers in beauty and health and is always worried. Such persons resort to secret remedies to raise up in life. Such persons also resort to lies, back-stabbing to rise up in life. Such people are very courageous. They may get hurt. You are compassionate, respected, wealthy and influential and may undertake backbreaking jobs to rise up in life. Some times such people face death like danger. The person is able to overcome through his uncanny intelligence and high caliber. Such people may suffer in matters of progeny and education but are good diplomats, successful businessmen and political leaders. If Rahu is on the higher plane, the person is respected by the govt. is courageous, influential, brave, strong and selfish. If Rahu is on the lower plane, then the person is evil, ugly, and sinful and is headstrong."
74,9,2,"tkrd dks /ku lEcU/kh fpUrk;sa yxh jgrh gSA rFkk vusd çdkj ds d""V Hkh mBkus iM+ ldrs gSA tkrd dks Lotuksa ls Dys'k rFkk ijs'kkfu;ksa dk lkeuk djuk iM+rk gSA gkfu dh {kfriwfrZ djus ds fy, og gj çdkj ds dk;Z djrk gSA vUrr% lekt esa og /kuh O;fDr ds :Ik esa çfrf""Br gksrk gSA O;fDr dh ok.kh Hkkjh gksrh gSA og O;ogkj dq'ky gksrk gSA iSfÙk`d lEifÙk dks çkIr djus esa dbZ d""Vksa dk lkeuk djuk iM+ ldrk gSA og /kS;Zoku] lfg"".kq] cgknqj] xqIr ;qfDr;ksa ls lEiUu rFkk laadVxzLr gksrk gSA cgqr ifjJe djus ij Hkh iw.kZ mUufr ugha gksrh gSA ,sls tkrdks dks Hkh vlhfer ykHk Hkh feyrk gSA ,sls O;fDr ij 'k=q Ik{k ges'kk gkoh jgrk gSA /ku lap; esa dfBukbZ gksrh gS rFkk _.k ysdj og viuh thfodk miktZu djrk gSA Åijh rkSj ij tkrd fn[kkok djrs gSA vkSj dbZ ckj vUrr% _.k xzLr gh jg tkrs gSA tkrd dks flxjsV ihus dk 'kkSd gksrk gSA","The person is always worried about money and faces many difficulties. The person faces problems due to his friends. He works hard to regain what is lost. In the end he is considered a wealthy man in the society, has a heavy voice. The person faces many problems in getting paternal property. He has patience, is courageous, brave and resorts to secret ways to become rich. Even after working hard he can’t rise up in life. Sometimes such persons get unlimited gains. Opposition is always wearing him down. He faces problems in generating money and is constantly borrowing money from various sources. The person is inclined to smoke."
75,9,3,"HkkbZ cguksa o fe=ksa ls çse c<+krk gSA ijkØe dks c<+krk gSA ,sls tkrd viuh detksfj;ksa dks fdlh ds vkxs Hkh  çdV ugha djrsA ,sls tkrd ;qfDr cy esa çoh.k gksrs gS Qyr% mls okfPNr lQyrk çkIr gksrh gSA ,sls O;fDr /khj xaHkhj vkSj n`<+ fu'p;h gksrs gSA fo'ks""k ladV vkus ij tkrd Hkys cqjs dk fopkj fd, fcuk vius LokFkZ flf) ds fy, ç;Ru'khy jgrk gSA ,sls tkrd fgEerh] /kS;Zoku] vlk/kkj.k lkgl dk çn'kZu djus okys rFkk prqj gksrs gSA","Loving and affectionate towards siblings and friends, such persons do not open their weakness in front of others. Such people are highly crafty and get desired success. They are serious minded and strong willed individuals. In times of trouble the person does not care about good or bad but wants to overcome the problem. Such people are brave, courageous and show uncommon valor and are clever."
76,9,4,"xqIr dk;Z djus ij Hkh vlQy gksrk gSA tkrd dks ekrk] Hkwfe] Hkou ds lq[k esa deh jgrh gSA ?kjsyw 'kkfUr esa Hkh fo?u iM+rs gSA thou esa mrkj&p<+ko gksrs jgrs gSA dHkh nq[k] dHkh lq[k feyrk gSA fo'ks""k ç;Ru djus ij Hkh O;fDr dks okafPNr lQyrk ugha fey ikrhA tUe Hkwfe ls vyx jgdj vusd çdkj ds nq[k Hkksxus iM+rs gSA ijUrq vUrr%viuh ;qfDr ,oa ifjJe ds cy ij lq[k dh çkfIr gksrh gSA viuh dk;Z flf) gsrq ,sls O;fDr >qB cksyus esa Hkh ijgst ugha djrsA ,sls O;fDr cgqr la?k""kZ'khy gksrs gSA vkSj vkdfLed /ku ykHk gksrk gSA vehjh ls viuk thou O;rhr djrs gSA","The person remains unsuccessful even after resorting to secret ways and means. The person does not get full benefit from mother, land, house and his family life is tense. There are many ups and downs in his life. Even after trying very hard, he doesn’t get the desired rewards. The person suffers by being away from his birthplace. But in the end he is able to overcome all drawbacks due to his hard work and unique schemes. Such persons can even resort to lying to achieve his goals. Such people are constantly striving and suddenly come into money."
77,9,5,"fo|k çkfIr esa dfBukbZ] lUrku ds lq[k esa deh] viuh iw.kZ ifjJe ls Hkh lkekU; lQyrk] tkrd gj le; fpUrk esa Mwcs jgs rFkk leL;kvksa ls f?kjk jgsA tkrd ijs'kkfu;ksa vkSj >a>Vksa esa Qalk jgs rFkk xqIr ;qfDr;ksa esa n{krk çkIr gksA ,sls tkrd vf/kd cksyus okys gkssrs gSA ,sls tkrd xqIr ;qfDr;ksa okys prqj] pkykd] cqf)eku] çHkkoksRiknd] ckrphr djus okys rFkk gj le; fpUrk esa Mwcs jgrs gSA ,sls tkrd cqf) ls detksj gksrs gq, Hkh viuh ckrksa }kjk cM+s&cM+s yksxksa dks Hkh çHkkfor dj ysrs gSA og dkuwu ds tkudkj rFkk ftíh gksrs gSA lUrku dk lq[k cgqr le; chr tkus ds ckn gh feyrk gSA ckrphr esa f'k""Vrk] fouezrk ,oa lR; dk ikyu ugha djrs] ij eu esa dHkh&dHkh ?kcjkgV eglwl djrs gSA ,sls tkrd okrkZyki esa cM+s prqj rFkk lR; rFkk vlR; dh ijokg fd, fcuk LokFkZlk/ku esa cM+s prqj gksrs gSA efLr""d lnSo ijs'kku jgrk gSA Hkk""kk esa :[kkiu jgrk gSA dHkh&dHkh /keZ&v/keZ dk ,sls tkrd fopkj dj ysrs gSA","Difficulties in education, wanting in children’s happiness, and little success even after trying hard, such persons always tend to be worried and are surrounded with problems. Such persons speak a lot. Though they possess little intelligence, they can impress others. They know the law and are headstrong. In conversation they are rough, unprincipled and even lie. Such persons are quick in conversation and can resort to any means to meet their selfish interests."
78,9,6,"tkrd vius lkgl ,oa ijkØe ls 'k=qvksa dks ijkftr dj nsrk gSA /kS;Zoku gksus dh otg ls viuh leL;kvksa ij dkcw ik ysrk gSA ân; jksx vkSj ekufld ijs'kkfu;k¡ ,sls tkrd dks tYnh ?ksj ysrh gSA ekek ds fy, dqN gkfudkjd gksrk gSA tkrd prqj] /kS;Zoku] lkglh] xqIr ;qfDr;ksa dk Kkrk] ohj rFkk viuh detksfj;ksa dks mtkxj u gksus nsus okyk gksrk gSA >xM+sa&>a>Vksa ls mls ykHk feyrk gSA lQyrk mlds dne pwerh gSa ,sls O;fDr iki&iq.; dh fpUrk ugha djrsA ,sls tkrd çk;% fujksx jgrs gS rFkk rhoz cqf) ,oa dwVuhfrK gksrs gSA tkrd dks 'k=q ckjEckj ijs'kku djrs jgrs gSA tkrd dh dq.Myh esa blh Hkko esa ;fn pUnzek Hkh lkFk gks rks mls isV ds fodkjksa ls eqfDr ikus ds fy, dbZ ckj cM+s vkWijs'ku djokus iM+rs gSA","The person is able to overcome all opposition through his courage and influence. By cultivating patience, he is able to overcome all hardships. Such persons may suffer from heart ailments and remain mentally tense. The person is clever, courageous, brave and resorts to secret ways and means and does not reveal his shortcomings. He gains from squabbles. He is successful and does not care about good or bad. Such people are healthy, of sharp intellect, and are good diplomats. Opposition troubles them off and on."
79,9,7,"tkrd dks L=h rFkk O;olk; ds {ks= esa fpUrk rFkk ijs'kkuh dk vuqHko gksrk gSA ijUrq vius pkrq;Z cy ij og muij fot; çkIr dj ysrk gSA mldks vius ikfjokfjd thou esa vusd çdkj dh dfBukb;ksa dk lkeuk djuk iM+rk gSA rFkk tSls rSls djds og viuh thfodk çkIr djrk gSaA blds vkykok mls thou LkkFkh dh rjQ ls vi;'k çkIr gksrk gSA bfUnz; fodkjksa dk Hkh lkeuk djuk iM+rk gSA ,sls tkrd xqIr ;qfDr;ksa] vlR; rFkk vuqfpr rjhdksa dks viuk dj viuk LokFkZ fl) djrs gSA /kS;Z] lkgl rFkk ifjJe ds cy ij lHkh dfBukb;ksa ij fot; ikdj L=h Ik{k esa dqN lQyrk çkIr dj ysrk gSA ,sls tkrd ds ,d ls vf/kd fookg Hkh lEHko gSA rFkk ufugky Ik{k ls mls dqN ijs'kkfu;ksa dk lkeuk djuk iM+rk gSA tkrd dks /ku&lap; dh deh vDlj cuh jgrh gSA blh otg ls og ekufld d""V Hkh Hkksxrk gSA lk>snkj ls mls uqdlku mBkuk iM+rk gSA","The person experiences tension and faces problems from opposite sex and in business but due to his superior intelligence is able to achieve success over them. He faces a lot of trouble in his family life. He earns his livelihood through various means. He is not dear to his life partner. May face ailments of sense organs. Such persons resort to secret ways, lies and employ questionable means to fulfill their selfish interests. With patience, courage and hard work, they overcome all problems and achieve success. Such persons may have more than one marriage. He faces certain problems in generating money, which is a source of constant tension to such an individual."
80,9,8,"tkrd dks çsr 'kfDr ls dksbZ fo'ks""k vk?kkr ugha igqaprkA okgu ls ijs'kkuh gks ldrh gSA ,sls tkrdks dks ladV ls NqVdkjk tYnh fey tkrk gSA ijUrq dbZ ckj e`R;q rqY; d""V gksrk gSA llqjky Ik{k ls tkrd ds fopkj rdjhcu vkthou ugha feyrsA iqjkrRo ds lEcU/k esa gkfu mBkuh iM+rh gSA vkSj og ,d ds ckn ,d eqlhcrksa esa Qalrk tkrk gS rFkk thou lq[k ls ugha chrrk gSA xqIr fpUrk;sa cuh jgrh gSA rFkk dbZ ckj tkrd iw.kZ :Ik ls fujk'k gks tkrk gSA O;fDr [kkus ihus dk cgqr 'kkSfdu gksrk gS rFkk isV esa fdlh Hkh rjg dk fodkj jgrk gS rFkk dHkh&dHkh çk.kksa dk [krjk Hkh mifLFkr gks tkrk gSA ijUrq e`R;q ugha gksrk gSA ,sls tkrd BkB&ckV dh ftUnxh fcrkus okyk rFkk mRlkfgr Hkh cgqr gksrs gSA ,sls O;fDr nh?kkZ;q gksrs gSA",The person may experience trouble from vehicle and may not be harmed by ghostly powers. Such person overcomes problems soon. But sometimes faces death like dangers. His thinking never matches to that of his in-laws and loses inheritance. He is entangled in one or the other problem and never spends his like happily. He is constantly under tension and is sometimes very low. Such a person is very interested in good foods and suffers from stomach related ailments.
81,9,9,"HkkX; dh mUufr esa :dkoVs vkrh gSA tkrd dh /keZ ds çfr vkLFkk rFkk J)k ugha jgrhA vi;'k] d""V rFkk fujk'kk ?ksjh jgrh gSA ijUrq lQyrk,a de gh feyrh gSA dHkh&dHkh vkdfLed ykHk gksrk gS rks dHkh vkfFkZd d""V Hkh gksrk gSA ,slk O;fDr viuh detksfj;ksa dks çdV ugha gksus nsrk rFkk cqf) pkrq;Z ds cy ij mldk fujkdj.k djrk gSA vkSj tYnh ls ?kcjkrk ugha gSA ,sls tkrd HkkX; o`f) ds fy, U;k; fo#) vkpj.k djrs gSA ijUrq dqN tkrdks dks lc ds fo#) ykHk feyrk gSA ,sls tkrdks dk Jki cgqr tYnh QyhHkwr gksrk gSA mlds thou esa lq[k&nq[k rFkk vehjh xjhch ds Øe vkrs jgrs gSA","Hurdles in shining of luck, the person does not have any interest in religion or religious acts. Bad luck, bad vibes and tensions surround him. Sometimes a sudden benefit and sometimes economic problems arise. Such a person does not reveal his weaknesses and tries to overcome them through his intelligence prowess. He is not afraid easily. Such a person may do some illegal works to increase his luck. But some persons gain through all diversity. Such a person may face cycles of richness and poverty."
82,9,10,"tkrd dks firk rFkk ljdkj ls dfBukbZ;ksa dk lkeuk djuk iM+rk gSA ukSdjh rFkk jkstxkj esa cgqr d""V mBkus iM+rs gSA dfBu ifjJe djus ls Hkh iw.kZ lQyrk ugha fey ikrh gSA rFkk O;fDr dks vusd çdkj ds nq%[k Hkksxus iM+rs gSA ,sls tkrd dHkh&dHkh ?kksj ladVksa esa f?kj tkrs gSA fQj viuh cqf) rFkk foosd ls cgqr eqlhcrsa >syus ds ckn çfrf""Br gksrs gSA ,slk tkrd lkekU;rk vkn'kZoknh gksrk gSA ,sls tkrdks dh çfr""Bk dks gkfu igqapus dk volj gks tkrk gS ijUrq og viuh mUUkfr ds fy, /kS;Z vkSj lkgl ds lkFk ç;Ru djrs gSA ,sls tkrd ds çfr nq'eu ges'kk ""kM+;a= jprs jgrs gSA ftlesa dbZ ckj 'k=q Ik{k dh vksj ls O;fDr dks eku&lEeku rFkk vkfFkZd ykHk dh gkfu mBkuh iM+rh gSA","The person faces problems from father and govt. Faces a lot of trouble in job and employment. Even after working hard, there is no success and the person suffers from a lot of problems and is unhappy. Such a person may find himself in deep problems. They get success from their intelligence and patience after a lot of struggle. Such a person has high ideals and may lose prestige but gains respect through his hard work and courage. Such a person faces constant threat from his enemies"
83,9,11,"tkrd dks vPNk ykHk dfBu ifjJe ls fey tkrk gSA ,sls tkrd LokFkhZ] datwl] ifjJeh ,oa /kuh gksrs gSA ijUrq llqjky Ik{k ls iw.kZr% lkekU; ugha gks ikrsA vkthfodk ds {ks= esa dfBukb;ksa ds ckotwn Hkh og fgEer ugha gkjrk /kS;Z] ifjJe vkSj yXu ds cy ij lQyrk çkIr dj ysrs gSA blfy, ,sls tkrdksa dks cgqr lw>&cw> okyk dgk tkrk gSA ykHk dekus gsrq ,sls tkrd mfpr vuqfpr dk fopkj ugha djrsA rFkk dHkh&dHkh vkdfLed /ku ykHk ikrs gSA vkSj viuh vk; ls dHkh Hkh lUrq""V ugha gksrsA ,sls tkrd O;kikj esa dHkh&dHkh /kks[kk Hkh [kk tkrs gSA ftldh otg ls mUgsa dkQh ?kkVk mBkuk iM+rk gSA ,sls tkrd foy{k.k çfrHkk dh otg ls ubZ&ubZ ;kstuk,a cukrs gS vkSj mudks fØ;kfUor djrs gSA ,sls tkrd ladV ds le; Hkh /kS;Z dks ugha NksM+rs vkSj ,s'o;Z dks çkIr djrs gSA","The person faces success after working very hard. Such a person is selfish, a miser, hard working and rich. He is not in alignment with his in-laws. In areas of employment, he faces a lot of problems but does not lose heart and gains success through his patience, hard work and diligence. Such persons are called very intelligent. He does not care about good or bad for gains. Sometimes they get sudden economic benefit. But they are never satisfied by their pay packets. Such persons sometimes suffer in business. They are always planning new projects and looking at various ways to implement them."
84,9,12,"tkrd dk [kpkZ T;knk gksrk gSA ckgjh lEcU/kksa (ns'k fons'k) esa nq[k dh çkfIr djrs gSA dtZ esa Mqcs gq, gksrs gSA ijUrq dbZ ckj O;fDr ds HkkX; esa mUufr gksrh gSA ,sls tkrd fn[kkos dh ftUnxh thuk ilUn djrs gSA rFkk isV dh fcekfj;ksa ij ,sls tkrdksa dk iSlk dkQh [kpZ gksrk gSA dbZ ckj tkrd dks ck;ha vka[k ls Hkh fo'ks""k d""V gksrk gSA vki dwVuhfrK rFkk jktuhfr ds vPNs Kkrk gSA vki foosd'khy Hkh gSA dHkh&dHkh vkidks vkdfLed /ku dh çkfIr gksrh gSA ekrk Ik{k ls ,sls tkrd dks dbZ ckj fo'ks""k :Ik ls ykHk feyrk gSA vkSj 'kjhj dks e`R;q rqY; d""V Hkh feyrk gSA","The person over spends. They get unhappiness from external relations both within the country and abroad and have huge loans to repay. But many a times, the person’s luck shines. Such persons like to indulge in a life of showing-off. They spend a lot on stomach related ailments. Such a person may have a trouble in the left eye. They have a good knowledge of diplomacy. You are compassionate. You may come into money suddenly. They get a lot of advantage from their mother’s side. May face death like dangers."
109,8,1,"es""k jkf'k okyk O;fDr dqN xksykbZ] dqN ykfyek] us=ksa esa fo'ks""k ped fy, gq,] xeZ [kkus okyk] 'kkd&Hkkth rFkk de [kkus okykA tYnh gh çlUu gks tkus okykA Hkze.k'khy] dkeqd] detksj ?kqVus okyk] papy /ku] 'kwy] fL=;ksa dk fç; lsok dk;Z dks tkuus okyk] uk[kquksa esa fodkj ;qDr] flj esa ?kko dk fu'kku ikus okyk] LokfHkekuh] vfr piy rFkk ty ls Mjus okyk gksrk gSA","The person has rounded, red, and a special shine in his eyes. He is interested in eating hot foods, vegetables but eats less. Gets happy soon. Is a traveler, inclined towards sex, weak kneed and has a naughty disposition. He knows how to keep the opposite sex happy, has nail disfigurements and has or may get a scar on head, has self-respect and is afraid of water."
110,8,2,"tkrd lqUnj n'kZuh; O;fDrRo] fof'k""V çHkkoksRiknd xeu djus okyk cM+s o Hkjs gq, eq[k e.My okyk] ihB] eq[k ,oa ik'oZ (isV dk fdukjk) esa fpUg ls ;qDr R;kx'khy] Dys'k lgus dh ço`fÙk] leFkZ] Åaps dU/kksa okyk] dU;k lUrfr okyk] dQ ç/kku ço`fÙk] cM+s HkkbZ o iq=ksa ls jfgr] NksVs HkkbZ;ksa okyk lkSHkkX;'kkyh] {kek Hkkouk ls ;qDr] rhoz Hkw[k dk vuqHko djus okyk] fL=;ksa ls fo'ks""k vuqjkx j[kus okyk] fL=;ksa dk fç;] lHkh ls fe=rk j[kus okyk] o`)koLFkk esa fo'ks""k lq[k ikus okyk gksrk gSA","The person has a good personality, has a full face and a good body, may have some scar on his stomach and has big shoulders. Such a person can tolerate a lot of tension, has no brother or sons, has daughters and is of forgiving nature. He gets hungry very fast and loves the company of opposite sex. He is friendly towards all and gets special happiness and care in his old age."
111,8,3,"fL=;ksa ds fo""k; esa fo'ks""k vkdZ""k.k vuqHko djus okyk] dkys us=ksa okyk] 'kkL= rRo dks tkuus okyk] nwr deZ] dqN ?kqa?kjkys ckyksa okyk] prqj cqf)] psgjs ds Hkkoksa dks iM+us okyk] |qrØhM+k ds jgL;ksa dks le>us okyk] lqUnj 'kjhj okyk] fç; opu cksyus okyk] Hkkstu fç;] xhr fç; xq.k nks""kK] uiqaldksa ls çse j[kus okyk rFkk Åaph ukfldk okyk gksrk gSA","Special attraction towards opposite sex, has black eyes, knows the scriptures, is a diplomat, has curly hair, clever, intelligent, a face reader, such a person understands all the facets of gambling. He has a beautiful body, is soft spoken, loves to eat, likes music and has all the good qualities. He likes impotent people and has a high nose."
112,8,4,"tYnh&tYnh pyus okyk] dej ds fdukjksa ij Åaps ekal okyk] fL=;ksa ls 'kh?kz çHkkfor gksus okyk] cgq&fe=ksa okyk] HkkX; dks tkuus okyk T;ksfr""kh ;k T;ksfr""k esa :fp j[kus okyk] yEcs dn okyk] eksVh xnZu okyk] 'kkfUr o çse ls o'k esa gksus okyk] vius fe=ksa ls fo'ks""k Lusg j[kus okyk] ty o m|kuksa ls fo'ks""k çhfr j[kus okyk gksrk gSA","A fast walker, has a fat waist and gets influenced by the opposite sex fast, has lots of friends, such a person knows astrology. He is tall, with a fat neck, is peaceful and is influenced by love. He loves his friends and likes water and gardens."
113,8,5,"rh[ks LoHkkookyk] tYnckth esa dke djus okyk] eksVh Bqìhokyk] cM+s eqag okyk] fiaxy us=okyk] de iq=ksa okyk] fL=;ksa ls }s""k djus okyk] ekal&efnjk ds çfr vkdZ""k.k j[kus okyk] ou o ioZr çns'kksa ls fo'ks""k Lusg j[kus okyk] fcuk çlax ds fujFkZd Øks/k djus okyk] Hkw[k I;kl vf/kd vuqHko djus okyk] R;kxh] ijkØeh] fL/kj cqf)] ?ke.Mh rFkk ekrk ds o'k esa jgus okyk gksrk gSA ","Sharp natured, works in a hurry, has a fat chin, a long face has fewer sons, doesn’t like the opposite sex, and loves to eat meat and drink. He loves mountains and forests, gets angry unnecessarily, feels more hunger and thirst. The person is courageous, egoist, has a stable mind and remains under the control of his mother."
114,8,6,"yTtk o ladksp ds dkj.k fL=;ksfpr gko&Hkko ls ;qDr n`f""V o xfrokyk] >qds dU/kksa o yVds gq, gkFkksa okyk] lq[kh] dksey ru o eu okyk] lR; dk Ik{k/kj] dykvksa esa fuiq.k] 'kkL= ds vFkksZa dks le>us okyk /kkfeZd cqf)eku] tUeLFkku ls vyx jgus okyk] fç;Hkk""kh] dU;k lUrfr okyk] de iq=ksa okyk gksrk gSA","A	lways feeling shy, has a female nature with feminine eyes and walk. His shoulders are bent, with hanging hands, is happy and has a soft body and heart. He is truthful, trained in various arts, knows scriptures, religious, intelligent person who lives away from the place of his birth. He is soft spoken and has sons and daughters."
115,8,7,"nsork] czkg~e.kksa o lk/kq lTtuksa dk lRdkj djus okyk] cqf)eku] ifo= vkpj.k djus okyk] nwljs dh L=h o /ku dh bPNk u j[kus okyk] lR;kpkj.k'khy] L=h }kjk o'k esa fd;k x;k] Åaps dnokyk] Åaph ukd okyk] detksj ,oa vLoLFk çk;% 'kjhj okyk] ;k=k çseh] /kuh] vaxghu] Ø;&foØ; esa dq'ky] nsorkokpd] fdlh nwljs uke ls iqdkjs tkus okyk] vius cU/kq&ckU/koksa dk midkj djus okyk fdUrq vius gh cU/kq&ckU/koksa ls frjLÑr o R;Dr gksrk gSA","Respectful towards, gods, god men and society, intelligent, pure of heart and work, not wanting others wife or wealth, truthful, influenced by opposite sex, such a person is tall, has a high nose and has a weak and unhealthy body. He loves to travel, may be without a limb, expert in trading and is called by his nickname. He is compassionate towards his friends and relatives but is disrespected by them only."
116,8,8,"euq""; cM+h vka[kksa okyk ,oa cM+h Nkrh okyk] xksy fi.Myh] tk¡?k o ?kqVuksa okyk] firk o xq# ls fo;qDr ckY;dky esa jksxh jgus okyk] jkt dqy esa lEeku ikus okyk] fiaxyo.kZ] Øwj ps""Vkvksa okyk] gkFk ;k iSj esa eNyh] otz ;k Ik{kh ds fpUgksa ls ;qDr] xqIr :Ik ls iki djus okyk gksrk gSA","Has big eyes, broad chest and has rounded shoulders and thighs. Doesn’t have a guru or father, sick in his childhood, gets respect from the king, such a person may be involved in cruel acts and has either a sign of a fish or a bird on his hand or feet and does bad deeds secretly."
117,8,9,"cM+s eq[k o yEch xnZu okyk] iSfÙk`d lEifÙk çkIr djus okyk] R;kxh] nku'khy] dkO;kfn le>us okyk] dfo] ijkØeh] vf/kd oh;Z okyk] vPNk f'kYi dyk tkuus okyk] vkxs >qds dU/ksokyk] dU/kksa ds ihNs mBh gM~Mhokyk] uk[kquksa esa fodkj ls ;qDr] ekaly Hkqtkvksa okyk] çfrHkk'kkyh] /keZoÙkkZ] vius cU/kqvksa ls }s""k j[kus okyk] gB o 'kfDr ls o'k esa u gksus okyk] çse o dksey O;ogkj ls gh fu;fU=r gksus okykA","Long face and neck, gets paternal property, compassionate, donator, poet, courageous, manly, a good architect, bent shoulders, and has a bone protruding out in the back, has unhealthy nails, muscular arms, influential, religious but opposed to his brothers. Such a person can not be controlled by anger but by love and soft nature."
118,8,10,"vius ifjokj dh fo'ks""krk le>us okyk] eu ls v/kkfeZd gksrk  gqvk Hkh] ç;kstu fo'ks""k ls /kkfeZd fØ;k djus okyk o /kkfeZd fpUg djusokyk] 'kjhj ds fupys fgLls ls mis{kkÑr irykiu fy, gq, lqUnj vka[kksaokyk] iryh dej] lnSo vkKkdkjh] dgs gq, 'kCn vPNs çdkj ls le>us okyk] lkSHkkX;'kkyh] vkyL; ç/kku] dk;Z esa vdq'ky lnhZ cnkZ'k u djus okyk] Hkze.k'khy] vkRecy okyk] dkO;K] yksHkh] uhph tkfr ;k viuh vk;q ls cM+h L=h ds çfr vkd""kZ.k] yTtkghu ;k n;kghu gksrk gSA","He understands his family may be agnostic but understands the importance of religion in special occasions. Of slim body with beautiful eyes, always obedient, understands the spoken word, lucky, lazy, good at what he does, such a person does not tolerate winters, enjoys travelling, has a strong will power and is selfish. Such a person is self-centered, is attracted towards women older than him, do not have any shame and no compassion"
119,8,11,yEch xnZu] fn[krh ulksa okyk] eksVk ;k dBksj jkse okyk] yEcs o pkSM+s 'kjhj okyk] cM+s iSj] cM+h] tk¡?ks] pkSM+h dej] cM+k eqag] nwljh dh L=h] nwljs ds /ku  dks pkgus okyk] iki dk;ksZa esa yxk jgus okyk] vfu;fer vkfFkZd fLFkfr okyk] ltus&laojus dk 'kkSfdu] fe=ksa ls I;kj] FkdkoV dks lgu djus okyk vkSj T;knk iSny pyus dh {kerk okyk gksrk gSA,"Long neck, visible veins, fat and long body, big feet, big thighs and waist, big mouth, wanting others wealth and wife, such a person is engrossed in sinful works. He has an uncertain economic condition, is interested in looking good and preening himself, loves his friends and can walk a lot."
120,8,12,"ikuh ls mRiUu gksus okyh oLrqvksa ds O;kikj ls /ku vf/kd dekus okyk] viuh L=h o ifjokj ds fy, oL=kHkw""k.k ds çfr fo'ks""k tkx:d] lkeku vkd""kZd 'kjhj okyk] Åaph ukd] cM+k flj] L=h ls o'k esa gksus okyk] 'k=quk'kd] lqUnj vka[ks] rstLoh] xM+s /ku dk Hkksxh ,oa fo}ku gksrk gSA","Deals in things that grow in water, is successful in business and is especially inclined towards buying clothes and jewellery for his wife and family, such a person has an attractive body, has a high nose, big head and remains under the influence of his wife. He overcomes opposition, has beautiful eyes, is influential, intelligent and comes across hidden wealth"
